,rank,School_Name,Location,Education_Sector,School_Type,Postal_Postcode,X,Y
0,1,Presbyterian Ladies' College,Burwood,Independent,Pri/Sec,3125,145.107,-37.84856
1,2,Serpell Primary School,Templestowe,Government,Primary,3106,145.15557,-37.7699
2,3,Haileybury College,Keysborough,Independent,Pri/Sec,3173,145.14643,-37.99598
3,4,Huntingtower School,Mount Waverley,Independent,Pri/Sec,3149,145.13629,-37.87674
4,5,Beverley Hills Primary School,Doncaster East,Government,Primary,3109,145.15984,-37.79624
5,6,Camberwell Girls Grammar School,Canterbury,Independent,Pri/Sec,3126,145.0597,-37.81821
6,7,St Andrews Christian College,Wantirna South,Independent,Pri/Sec,3152,145.24464,-37.87387
7,8,Ballarat Clarendon College,Ballarat,Independent,Pri/Sec,3350,143.83365,-37.55965
8,9,Oakleigh South Primary School,Oakleigh South,Government,Primary,3167,145.0947,-37.92221
9,10,Glendal Primary School,Glen Waverley,Government,Primary,3150,145.15904,-37.86708
10,11,St Christopher's School,Glen Waverley,Catholic,Primary,3150,145.1502,-37.8711
11,11,St Christopher's School,Glen Waverley,Catholic,Primary,3042,144.88025,-37.72501
12,97,St Christopher's School,Airport West,Catholic,Primary,3150,145.1502,-37.8711
13,97,St Christopher's School,Airport West,Catholic,Primary,3042,144.88025,-37.72501
14,12,Scotch College,Hawthorn,Independent,Pri/Sec,3122,145.03229,-37.83392
15,13,Pinewood Primary School,Mount Waverley,Government,Primary,3149,145.14234,-37.89012
16,14,Camberwell Grammar School,Canterbury,Independent,Pri/Sec,3103,145.06641,-37.81609
17,15,Balwyn Primary School,Balwyn,Government,Primary,3103,145.08138,-37.81394
18,16,St Kevin's College,Toorak,Catholic,Pri/Sec,3142,145.0247,-37.8354
19,17,Canterbury Primary School,Canterbury,Government,Primary,3126,145.08314,-37.83096
20,18,Waverley Christian College,Wantirna South,Independent,Pri/Sec,3133,145.2153,-37.88014
21,19,Good Shepherd Lutheran Primary School,Croydon Hills,Independent,Primary,3136,145.26862,-37.78268
22,20,Fintona Girls' School,Balwyn,Independent,Pri/Sec,3103,145.08033,-37.81516
23,21,Birralee Primary School,Doncaster,Government,Primary,3108,145.11335,-37.79342
24,22,Korowa Anglican Girls' School,Glen Iris,Independent,Pri/Sec,3146,145.05464,-37.86145
25,23,Christ Church Grammar School,South Yarra,Independent,Primary,3141,144.98574,-37.83895
26,24,Penleigh & Essendon Grammar School,Keilor East,Independent,Pri/Sec,3042,144.87034,-37.73215
27,25,Doncaster Gardens Primary School,Doncaster East,Government,Primary,3109,145.1479,-37.78161
28,26,Fitzroy Community School,Fitzroy North,Independent,Primary,3068,144.97981,-37.78917
29,27,Trinity Grammar School Kew,Kew,Independent,Pri/Sec,3101,145.0355,-37.8102
30,28,Lighthouse Christian College Cranbourne,Cranbourne,Independent,Pri/Sec,3977,145.3073,-38.14
31,29,St Catherine's School,Toorak,Independent,Pri/Sec,3142,145.02127,-37.8383
32,29,St Catherine's School,Toorak,Catholic,Primary,3189,145.05217,-37.93822
33,29,St Catherine's School,Toorak,Catholic,Primary,3075,145.00324,-37.6656
34,30,Mount View Primary School,Glen Waverley,Government,Primary,3150,145.17881,-37.88348
35,31,St Joan of Arc School,Brighton,Catholic,Primary,3186,144.99415,-37.92011
36,32,Spensley Street Primary School,Clifton Hill,Government,Primary,3068,145.00388,-37.78679
37,33,Brighton Grammar School,Brighton,Independent,Pri/Sec,3186,144.99352,-37.91111
38,34,Preston West Primary School,Preston,Government,Primary,3072,144.99553,-37.73737
39,35,Donburn Primary School,Doncaster East,Government,Primary,3109,145.16552,-37.78746
40,36,Westbourne Grammar School,Truganina,Independent,Primary,3030,144.89493,-37.85019
41,36,Westbourne Grammar School,Truganina,Independent,Pri/Sec,3030,144.7249,-37.85084
42,37,Brandon Park Primary School,Wheelers Hill,Government,Primary,3150,145.17325,-37.91432
43,38,Camberwell Primary School,Camberwell,Government,Primary,3124,145.05805,-37.83268
44,39,Burwood East Primary School,Burwood East,Government,Primary,3150,145.15181,-37.85973
45,40,Mont Albert Primary School,Mont Albert,Government,Primary,3127,145.10273,-37.81308
46,41,Loreto Mandeville Hall,Toorak,Catholic,Pri/Sec,3142,145.01489,-37.84819
47,42,Camelot Rise Primary School,Glen Waverley,Government,Primary,3150,145.18777,-37.86528
48,43,Tintern Grammar,Ringwood East,Independent,Pri/Sec,3135,145.25669,-37.81552
49,44,Firbank Grammar School,Brighton,Independent,Pri/Sec,3186,144.99694,-37.90612
50,45,Wheelers Hill Primary School,Wheelers Hill,Government,Primary,3150,145.17759,-37.90017
51,46,Ivanhoe Girls' Grammar School,Ivanhoe,Independent,Pri/Sec,3079,145.04672,-37.76527
52,47,Laburnum Primary School,Blackburn,Government,Primary,3130,145.13921,-37.8271
53,48,St Leonard's College,Brighton East,Independent,Pri/Sec,3187,145.00755,-37.92863
54,49,Strathcona Baptist Girls' Grammar,Canterbury,Independent,Pri/Sec,3126,145.08037,-37.82918
55,50,Hampton Primary School,Hampton,Government,Primary,3188,145.00348,-37.93339
56,51,St Leonard's School,Glen Waverley,Catholic,Primary,3150,145.16389,-37.8868
57,52,Malvern Primary School,Malvern East,Government,Primary,3145,145.03846,-37.87159
58,53,Templeton Primary School,Wantirna,Government,Primary,3152,145.23229,-37.86094
59,54,Carey Baptist Grammar School,Kew,Independent,Pri/Sec,3101,145.04782,-37.81478
60,55,North Melbourne Primary School,North Melbourne,Government,Primary,3051,144.95064,-37.79873
61,56,Xavier College,Kew,Catholic,Pri/Sec,3101,145.0311,-37.81386
62,57,Caulfield Grammar School,St Kilda East,Independent,Pri/Sec,3185,145.00489,-37.87738
63,58,Deutsche Schule Melbourne,Fitzroy North,Independent,Primary,3068,144.98277,-37.77883
64,59,Clifton Hill Primary School,Clifton Hill,Government,Primary,3068,144.98925,-37.79231
65,60,Kew East Primary School,Kew East,Government,Primary,3102,145.04915,-37.79647
66,61,South Yarra Primary School,South Yarra,Government,Primary,3141,144.98562,-37.84135
67,62,Merri Creek Primary School,Fitzroy North,Government,Primary,3068,144.98739,-37.77697
68,63,Toorak College,Mount Eliza,Independent,Pri/Sec,3930,145.09346,-38.17226
69,64,Mount Waverley Primary School,Mount Waverley,Government,Primary,3149,145.12411,-37.88127
70,66,Kerrimuir Primary School,Box Hill North,Government,Primary,3129,145.13525,-37.80368
71,67,Melbourne Grammar School,Melbourne,Independent,Pri/Sec,3004,144.97709,-37.83359
72,68,Bialik College,Hawthorn,Independent,Pri/Sec,3122,145.04337,-37.84227
73,69,Heatherton Christian College,Clarinda,Independent,Pri/Sec,3169,145.11136,-37.95784
74,70,Mentone Grammar School,Mentone,Independent,Pri/Sec,3194,145.06812,-37.98769
75,71,Orchard Grove Primary School,Blackburn South,Government,Primary,3130,145.14653,-37.84023
76,72,Blackburn Lake Primary School,Blackburn,Government,Primary,3130,145.1661,-37.8276
77,73,St Margaret's School,Berwick,Catholic,Primary,3219,144.37393,-38.16462
78,74,Hartwell Primary School,Camberwell,Government,Primary,3124,145.08447,-37.84805
79,75,Methodist Ladies' College,Kew,Independent,Pri/Sec,3101,145.03849,-37.81395
80,76,Heathdale Christian College,Werribee,Independent,Pri/Sec,3030,144.68133,-37.88132
81,77,Glen Waverley Primary School,Glen Waverley,Government,Primary,3150,145.16759,-37.87472
82,78,St Thomas' School,Terang,Catholic,Primary,3264,142.90996,-38.2398
83,78,St Thomas' School,Terang,Catholic,Primary,3850,147.08331,-38.0994
84,79,Doreen Primary School,Doreen,Government,Primary,3754,145.14554,-37.60601
85,80,Bentleigh West Primary School,Bentleigh,Government,Primary,3204,145.02677,-37.92059
86,81,Good Shepherd School,Wheelers Hill,Catholic,Primary,3150,145.16605,-37.90812
87,82,Deepdene Primary School,Balwyn,Government,Primary,3103,145.06136,-37.80837
88,83,The Knox School,Wantirna South,Independent,Pri/Sec,3152,145.2192,-37.86547
89,84,Gardenvale Primary School,Brighton East,Government,Primary,3187,145.01503,-37.90468
90,85,Geelong Grammar School,Corio,Independent,Pri/Sec,3214,144.39907,-38.06882
91,86,Donvale Christian College,Donvale,Independent,Pri/Sec,3111,145.19345,-37.77403
92,87,Hawthorn West Primary School,Hawthorn,Government,Primary,3122,145.01838,-37.82011
93,88,Chilwell Primary School,Newtown,Government,Primary,3220,144.34538,-38.15511
94,90,St Joseph's School,Elsternwick,Catholic,Primary,3122,145.03432,-37.82646
95,90,St Joseph's School,Elsternwick,Catholic,Primary,3070,144.99672,-37.77462
96,90,St Joseph's School,Elsternwick,Catholic,Primary,3672,145.97412,-36.55396
97,90,St Joseph's School,Elsternwick,Catholic,Primary,3525,143.35105,-36.27177
98,90,St Joseph's School,Elsternwick,Catholic,Primary,3683,146.60706,-36.14598
99,90,St Joseph's School,Elsternwick,Catholic,Primary,3289,142.28978,-37.87751
100,90,St Joseph's School,Elsternwick,Catholic,Primary,3636,145.4436,-36.08646
101,90,St Joseph's School,Elsternwick,Catholic,Primary,3280,142.48614,-38.37249
102,90,St Joseph's School,Elsternwick,Catholic,Primary,3066,144.98639,-37.80046
103,90,St Joseph's School,Elsternwick,Catholic,Primary,3561,144.70117,-36.36476
104,90,St Joseph's School,Elsternwick,Catholic,Primary,3747,146.68281,-36.36007
105,90,St Joseph's School,Elsternwick,Catholic,Primary,3315,141.69473,-37.60538
106,90,St Joseph's School,Elsternwick,Catholic,Primary,3820,145.91202,-38.15861
107,90,St Joseph's School,Elsternwick,Catholic,Primary,3550,144.27835,-36.76942
108,90,St Joseph's School,Elsternwick,Catholic,Primary,3055,144.94298,-37.76229
109,90,St Joseph's School,Elsternwick,Catholic,Primary,3995,145.60341,-38.60086
110,90,St Joseph's School,Elsternwick,Catholic,Primary,3579,143.91781,-35.72546
111,90,St Joseph's School,Elsternwick,Catholic,Primary,3950,145.82232,-38.43604
112,90,St Joseph's School,Elsternwick,Catholic,Primary,3144,145.03116,-37.85807
113,90,St Joseph's School,Elsternwick,Catholic,Primary,3644,145.65375,-35.91707
114,90,St Joseph's School,Elsternwick,Catholic,Primary,3608,145.15405,-36.78161
115,90,St Joseph's School,Elsternwick,Catholic,Primary,3888,148.45563,-37.70917
116,90,St Joseph's School,Elsternwick,Catholic,Primary,3196,145.11859,-38.05544
117,90,St Joseph's School,Elsternwick,Catholic,Primary,3919,145.20281,-38.36147
118,90,St Joseph's School,Elsternwick,Catholic,Primary,3193,145.02316,-37.97592
119,90,St Joseph's School,Elsternwick,Catholic,Primary,3824,146.15219,-38.20721
120,90,St Joseph's School,Elsternwick,Catholic,Primary,3943,144.7418,-38.34047
121,90,St Joseph's School,Elsternwick,Catholic,Primary,3185,145.00529,-37.88251
122,90,St Joseph's School,Elsternwick,Catholic,Primary,3496,142.18796,-34.30235
123,90,St Joseph's School,Elsternwick,Catholic,Primary,3171,145.15034,-37.95323
124,90,St Joseph's School,Elsternwick,Catholic,Primary,3396,142.36219,-35.72393
125,90,St Joseph's School,Elsternwick,Catholic,Primary,3797,145.61681,-37.79217
126,90,St Joseph's School,Elsternwick,Catholic,Primary,3754,145.0906,-37.59574
127,122,St Joseph's School,Malvern,Catholic,Primary,3122,145.03432,-37.82646
128,122,St Joseph's School,Malvern,Catholic,Primary,3070,144.99672,-37.77462
129,122,St Joseph's School,Malvern,Catholic,Primary,3672,145.97412,-36.55396
130,122,St Joseph's School,Malvern,Catholic,Primary,3525,143.35105,-36.27177
131,122,St Joseph's School,Malvern,Catholic,Primary,3683,146.60706,-36.14598
132,122,St Joseph's School,Malvern,Catholic,Primary,3289,142.28978,-37.87751
133,122,St Joseph's School,Malvern,Catholic,Primary,3636,145.4436,-36.08646
134,122,St Joseph's School,Malvern,Catholic,Primary,3280,142.48614,-38.37249
135,122,St Joseph's School,Malvern,Catholic,Primary,3066,144.98639,-37.80046
136,122,St Joseph's School,Malvern,Catholic,Primary,3561,144.70117,-36.36476
137,122,St Joseph's School,Malvern,Catholic,Primary,3747,146.68281,-36.36007
138,122,St Joseph's School,Malvern,Catholic,Primary,3315,141.69473,-37.60538
139,122,St Joseph's School,Malvern,Catholic,Primary,3820,145.91202,-38.15861
140,122,St Joseph's School,Malvern,Catholic,Primary,3550,144.27835,-36.76942
141,122,St Joseph's School,Malvern,Catholic,Primary,3055,144.94298,-37.76229
142,122,St Joseph's School,Malvern,Catholic,Primary,3995,145.60341,-38.60086
143,122,St Joseph's School,Malvern,Catholic,Primary,3579,143.91781,-35.72546
144,122,St Joseph's School,Malvern,Catholic,Primary,3950,145.82232,-38.43604
145,122,St Joseph's School,Malvern,Catholic,Primary,3144,145.03116,-37.85807
146,122,St Joseph's School,Malvern,Catholic,Primary,3644,145.65375,-35.91707
147,122,St Joseph's School,Malvern,Catholic,Primary,3608,145.15405,-36.78161
148,122,St Joseph's School,Malvern,Catholic,Primary,3888,148.45563,-37.70917
149,122,St Joseph's School,Malvern,Catholic,Primary,3196,145.11859,-38.05544
150,122,St Joseph's School,Malvern,Catholic,Primary,3919,145.20281,-38.36147
151,122,St Joseph's School,Malvern,Catholic,Primary,3193,145.02316,-37.97592
152,122,St Joseph's School,Malvern,Catholic,Primary,3824,146.15219,-38.20721
153,122,St Joseph's School,Malvern,Catholic,Primary,3943,144.7418,-38.34047
154,122,St Joseph's School,Malvern,Catholic,Primary,3185,145.00529,-37.88251
155,122,St Joseph's School,Malvern,Catholic,Primary,3496,142.18796,-34.30235
156,122,St Joseph's School,Malvern,Catholic,Primary,3171,145.15034,-37.95323
157,122,St Joseph's School,Malvern,Catholic,Primary,3396,142.36219,-35.72393
158,122,St Joseph's School,Malvern,Catholic,Primary,3797,145.61681,-37.79217
159,122,St Joseph's School,Malvern,Catholic,Primary,3754,145.0906,-37.59574
160,147,St Joseph's School,Hawthorn,Catholic,Primary,3122,145.03432,-37.82646
161,147,St Joseph's School,Hawthorn,Catholic,Primary,3070,144.99672,-37.77462
162,147,St Joseph's School,Hawthorn,Catholic,Primary,3672,145.97412,-36.55396
163,147,St Joseph's School,Hawthorn,Catholic,Primary,3525,143.35105,-36.27177
164,147,St Joseph's School,Hawthorn,Catholic,Primary,3683,146.60706,-36.14598
165,147,St Joseph's School,Hawthorn,Catholic,Primary,3289,142.28978,-37.87751
166,147,St Joseph's School,Hawthorn,Catholic,Primary,3636,145.4436,-36.08646
167,147,St Joseph's School,Hawthorn,Catholic,Primary,3280,142.48614,-38.37249
168,147,St Joseph's School,Hawthorn,Catholic,Primary,3066,144.98639,-37.80046
169,147,St Joseph's School,Hawthorn,Catholic,Primary,3561,144.70117,-36.36476
170,147,St Joseph's School,Hawthorn,Catholic,Primary,3747,146.68281,-36.36007
171,147,St Joseph's School,Hawthorn,Catholic,Primary,3315,141.69473,-37.60538
172,147,St Joseph's School,Hawthorn,Catholic,Primary,3820,145.91202,-38.15861
173,147,St Joseph's School,Hawthorn,Catholic,Primary,3550,144.27835,-36.76942
174,147,St Joseph's School,Hawthorn,Catholic,Primary,3055,144.94298,-37.76229
175,147,St Joseph's School,Hawthorn,Catholic,Primary,3995,145.60341,-38.60086
176,147,St Joseph's School,Hawthorn,Catholic,Primary,3579,143.91781,-35.72546
177,147,St Joseph's School,Hawthorn,Catholic,Primary,3950,145.82232,-38.43604
178,147,St Joseph's School,Hawthorn,Catholic,Primary,3144,145.03116,-37.85807
179,147,St Joseph's School,Hawthorn,Catholic,Primary,3644,145.65375,-35.91707
180,147,St Joseph's School,Hawthorn,Catholic,Primary,3608,145.15405,-36.78161
181,147,St Joseph's School,Hawthorn,Catholic,Primary,3888,148.45563,-37.70917
182,147,St Joseph's School,Hawthorn,Catholic,Primary,3196,145.11859,-38.05544
183,147,St Joseph's School,Hawthorn,Catholic,Primary,3919,145.20281,-38.36147
184,147,St Joseph's School,Hawthorn,Catholic,Primary,3193,145.02316,-37.97592
185,147,St Joseph's School,Hawthorn,Catholic,Primary,3824,146.15219,-38.20721
186,147,St Joseph's School,Hawthorn,Catholic,Primary,3943,144.7418,-38.34047
187,147,St Joseph's School,Hawthorn,Catholic,Primary,3185,145.00529,-37.88251
188,147,St Joseph's School,Hawthorn,Catholic,Primary,3496,142.18796,-34.30235
189,147,St Joseph's School,Hawthorn,Catholic,Primary,3171,145.15034,-37.95323
190,147,St Joseph's School,Hawthorn,Catholic,Primary,3396,142.36219,-35.72393
191,147,St Joseph's School,Hawthorn,Catholic,Primary,3797,145.61681,-37.79217
192,147,St Joseph's School,Hawthorn,Catholic,Primary,3754,145.0906,-37.59574
193,91,Melbourne Girls Grammar,South Yarra,Independent,Pri/Sec,3141,144.9848,-37.83169
194,92,Strathmore North Primary School,Strathmore,Government,Primary,3041,144.91598,-37.72486
195,93,Ruyton Girls' School,Kew,Independent,Pri/Sec,3101,145.03918,-37.81111
196,94,Sholem Aleichem College,Elsternwick,Independent,Primary,3185,145.0012,-37.88229
197,95,Balwyn North Primary School,Balwyn North,Government,Primary,3104,145.07704,-37.7967
198,96,Eltham East Primary School,Eltham,Government,Primary,3095,145.15486,-37.71143
199,98,Kilvington Grammar School,Ormond,Independent,Pri/Sec,3204,145.04122,-37.89952
200,99,Highvale Primary School,Glen Waverley,Government,Primary,3150,145.17407,-37.86702
201,100,St Gregory the Great School,Doncaster,Catholic,Primary,3108,145.12228,-37.7806
202,101,King's College,Warrnambool,Independent,Pri/Sec,3280,142.50617,-38.36211
203,102,Carlton Gardens Primary School,Carlton,Government,Primary,3053,144.96951,-37.80205
204,103,Westgarth Primary School,Northcote,Government,Primary,3070,145.00556,-37.77647
205,104,Glenferrie Primary School,Hawthorn,Government,Primary,3122,145.03397,-37.82405
206,105,Vermont Primary School,Vermont,Government,Primary,3133,145.1943,-37.83736
207,106,Sacred Heart School,Kew,Catholic,Primary,3015,144.8814,-37.84003
208,106,Sacred Heart School,Kew,Catholic,Primary,3072,145.00377,-37.74481
209,106,Sacred Heart School,Kew,Catholic,Primary,3841,146.40432,-38.23943
210,106,Sacred Heart School,Kew,Catholic,Primary,3616,145.22392,-36.43983
211,106,Sacred Heart School,Kew,Catholic,Primary,3311,141.41363,-37.58601
212,106,Sacred Heart School,Kew,Catholic,Primary,3065,144.97852,-37.80205
213,106,Sacred Heart School,Kew,Catholic,Primary,3101,145.03744,-37.80817
214,106,Sacred Heart School,Kew,Catholic,Primary,3191,145.00855,-37.95148
215,106,Sacred Heart School,Kew,Catholic,Primary,3717,145.42461,-37.21455
216,106,Sacred Heart School,Kew,Catholic,Primary,3166,145.08692,-37.90184
217,106,Sacred Heart School,Kew,Catholic,Primary,3136,145.27279,-37.79749
218,106,Sacred Heart School,Kew,Catholic,Primary,3021,144.80005,-37.73769
219,106,Sacred Heart School,Kew,Catholic,Primary,3502,142.15224,-34.18733
220,106,Sacred Heart School,Kew,Catholic,Primary,3250,143.57855,-38.35316
221,106,Sacred Heart School,Kew,Catholic,Primary,3089,145.15878,-37.67215
222,106,Sacred Heart School,Kew,Catholic,Primary,3707,147.89919,-36.19824
223,148,Sacred Heart School,Preston,Catholic,Primary,3015,144.8814,-37.84003
224,148,Sacred Heart School,Preston,Catholic,Primary,3072,145.00377,-37.74481
225,148,Sacred Heart School,Preston,Catholic,Primary,3841,146.40432,-38.23943
226,148,Sacred Heart School,Preston,Catholic,Primary,3616,145.22392,-36.43983
227,148,Sacred Heart School,Preston,Catholic,Primary,3311,141.41363,-37.58601
228,148,Sacred Heart School,Preston,Catholic,Primary,3065,144.97852,-37.80205
229,148,Sacred Heart School,Preston,Catholic,Primary,3101,145.03744,-37.80817
230,148,Sacred Heart School,Preston,Catholic,Primary,3191,145.00855,-37.95148
231,148,Sacred Heart School,Preston,Catholic,Primary,3717,145.42461,-37.21455
232,148,Sacred Heart School,Preston,Catholic,Primary,3166,145.08692,-37.90184
233,148,Sacred Heart School,Preston,Catholic,Primary,3136,145.27279,-37.79749
234,148,Sacred Heart School,Preston,Catholic,Primary,3021,144.80005,-37.73769
235,148,Sacred Heart School,Preston,Catholic,Primary,3502,142.15224,-34.18733
236,148,Sacred Heart School,Preston,Catholic,Primary,3250,143.57855,-38.35316
237,148,Sacred Heart School,Preston,Catholic,Primary,3089,145.15878,-37.67215
238,148,Sacred Heart School,Preston,Catholic,Primary,3707,147.89919,-36.19824
239,150,Sacred Heart School,Sandringham,Catholic,Primary,3015,144.8814,-37.84003
240,150,Sacred Heart School,Sandringham,Catholic,Primary,3072,145.00377,-37.74481
241,150,Sacred Heart School,Sandringham,Catholic,Primary,3841,146.40432,-38.23943
242,150,Sacred Heart School,Sandringham,Catholic,Primary,3616,145.22392,-36.43983
243,150,Sacred Heart School,Sandringham,Catholic,Primary,3311,141.41363,-37.58601
244,150,Sacred Heart School,Sandringham,Catholic,Primary,3065,144.97852,-37.80205
245,150,Sacred Heart School,Sandringham,Catholic,Primary,3101,145.03744,-37.80817
246,150,Sacred Heart School,Sandringham,Catholic,Primary,3191,145.00855,-37.95148
247,150,Sacred Heart School,Sandringham,Catholic,Primary,3717,145.42461,-37.21455
248,150,Sacred Heart School,Sandringham,Catholic,Primary,3166,145.08692,-37.90184
249,150,Sacred Heart School,Sandringham,Catholic,Primary,3136,145.27279,-37.79749
250,150,Sacred Heart School,Sandringham,Catholic,Primary,3021,144.80005,-37.73769
251,150,Sacred Heart School,Sandringham,Catholic,Primary,3502,142.15224,-34.18733
252,150,Sacred Heart School,Sandringham,Catholic,Primary,3250,143.57855,-38.35316
253,150,Sacred Heart School,Sandringham,Catholic,Primary,3089,145.15878,-37.67215
254,150,Sacred Heart School,Sandringham,Catholic,Primary,3707,147.89919,-36.19824
255,107,Ivanhoe Primary School,Ivanhoe,Government,Primary,3079,145.04298,-37.76657
256,108,Toorak Primary School,Toorak,Government,Primary,3142,145.00991,-37.84508
257,109,Mountain Gate Primary School,Ferntree Gully,Government,Primary,3156,145.26971,-37.88569
258,110,Bacchus Marsh Grammar,Bacchus Marsh,Independent,Pri/Sec,3340,144.43159,-37.69027
259,111,Jells Park Primary School,Wheelers Hill,Government,Primary,3150,145.19285,-37.90284
260,112,Holy Trinity Primary School,Eltham North,Catholic,Primary,3095,145.13546,-37.69844
261,113,Burwood Heights Primary School,Burwood East,Government,Primary,3151,145.16328,-37.84675
262,114,Camberwell South Primary School,Glen Iris,Government,Primary,3146,145.06261,-37.8479
263,115,Greythorn Primary School,Balwyn North,Government,Primary,3104,145.09596,-37.80143
264,116,Huntingdale Primary School,Oakleigh South,Government,Primary,3167,145.10236,-37.91308
265,117,Auburn South Primary School,Hawthorn East,Government,Primary,3123,145.04589,-37.83926
266,118,Essex Heights Primary School,Mount Waverley,Government,Primary,3149,145.11564,-37.86299
267,119,Wattle Park Primary School,Burwood,Government,Primary,3125,145.09737,-37.84264
268,120,Marysville Primary School,Marysville,Government,Primary,3779,145.74894,-37.51198
269,121,Oakleigh Primary School,Oakleigh,Government,Primary,3166,145.08862,-37.89447
270,123,Wesley College,Melbourne,Independent,Pri/Sec,3004,144.98214,-37.84883
271,124,Sandringham East Primary School,Sandringham,Government,Primary,3191,145.02222,-37.95667
272,125,Malvern Central School,Malvern,Government,Primary,3144,145.0344,-37.85601
273,127,St Joseph's Primary School,Boronia,Catholic,Primary,3155,145.27481,-37.86271
274,128,Glen Waverley South Primary School,Glen Waverley,Government,Primary,3150,145.16761,-37.89686
275,129,Syndal South Primary School,Mount Waverley,Government,Primary,3149,145.1433,-37.87909
276,130,Banyule Primary School,Rosanna,Government,Primary,3084,145.07794,-37.74361
277,131,Rangeview Primary School,Mitcham,Government,Primary,3132,145.2063,-37.82958
278,132,Resurrection House,Essendon,Catholic,Primary,3040,144.9052,-37.75665
279,133,Murrumbeena Primary School,Murrumbeena,Government,Primary,3163,145.07041,-37.88617
280,134,Yarraville West Primary School,Yarraville,Government,Primary,3013,144.88539,-37.81475
281,135,Lighthouse Christian College,Keysborough,Independent,Pri/Sec,3173,145.1435,-38.0012
282,136,Lauriston Girls' School,Armadale,Independent,Pri/Sec,3143,145.02509,-37.85232
283,137,Carnegie Primary School,Carnegie,Government,Primary,3163,145.0545,-37.89074
284,138,Inverleigh Primary School,Inverleigh,Government,Primary,3321,144.05469,-38.10094
285,139,Galilee Regional Catholic Primary School,South Melbourne,Catholic,Primary,3205,144.95481,-37.83616
286,140,Ashburton Primary School,Ashburton,Government,Primary,3147,145.08362,-37.8622
287,141,St Finbar's School,Brighton East,Catholic,Primary,3187,145.01746,-37.91628
288,142,St Paul's Anglican Grammar School,Warragul,Independent,Pri/Sec,3820,145.93042,-38.14781
289,143,Milgate Primary School,Doncaster East,Government,Primary,3109,145.17519,-37.7738
290,144,Kingswood College,Box Hill,Independent,Pri/Sec,3128,145.11863,-37.83278
291,145,Fairfield Primary School,Fairfield,Government,Primary,3078,145.0204,-37.77799
292,146,Newport Lakes Primary School,Newport,Government,Primary,3015,144.87834,-37.83842
293,149,Southern Cross Grammar,Caroline Springs,Independent,Pri/Sec,3023,144.7396,-37.71396
