,FTYPE,FEATSUBTYP,NAME,geometry,postcode
1515,sport facility,swimming pool,STRATHMERTON OUTDOOR POOL,POINT (145.47805278557817 -35.92389164111456),3641
2207,sport facility,swimming pool,AQUALINK BOX HILL,POINT (145.11799521547528 -37.82561834311983),3128
2277,cultural centre,library,ENDEAVOUR HILLS LIBRARY,POINT (145.25989366000002 -37.97775012889272),3802
2427,cultural centre,library,NEWPORT LIBRARY,POINT (144.88182375164203 -37.84273999704776),3015
2572,cultural centre,library,LANCEFIELD LIBRARY,POINT (144.73552189527965 -37.276917043615576),3435
2664,cultural centre,library,RUSHWORTH LIBRARY,POINT (145.01536406189913 -36.58793283526797),3612
2861,cultural centre,museum,ST JOHNS AMBULANCE AUSTRALIA MUSEUM,POINT (144.89390320187968 -37.86732347402184),3016
2880,cultural centre,museum,ALTONA HOMESTEAD,POINT (144.82927932689984 -37.8694548556447),3018
3179,cultural centre,art gallery,KNOX AND DISTRICT WOODWORKERS,POINT (145.29197629884084 -37.892830147600925),3156
3388,cultural centre,museum,RUTHERGLEN HISTORICAL SOCIETY MUSEUM,POINT (146.46007890292577 -36.05577913906175),3685
3582,cultural centre,museum,MYRTLEFORD MUSEUM,POINT (146.72903105126545 -36.5624028045125),3737
3801,cultural centre,library,DIMBOOLA LIBRARY,POINT (142.0265766027298 -36.45435626506361),3414
3802,cultural centre,library,EAST MELBOURNE LIBRARY,POINT (144.9863699364634 -37.81519084001048),3002
3803,cultural centre,library,FOSTER LIBRARY,POINT (146.2000096268016 -38.65135592625775),3960
4083,cultural centre,library,ARARAT LIBRARY,POINT (142.93443234500302 -37.28371770095006),3377
4085,cultural centre,library,BEAUFORT LIBRARY,POINT (143.38212224992185 -37.42948572911698),3373
4086,cultural centre,library,BLACKBURN LIBRARY,POINT (145.15297290189085 -37.82119584850782),3130
4087,cultural centre,library,BOX HILL LIBRARY,POINT (145.12793340648778 -37.818896111763905),3128
4088,cultural centre,library,BRIGHT LIBRARY,POINT (146.96141379454497 -36.72939978624741),3741
4089,cultural centre,library,CAMBERWELL LIBRARY,POINT (145.05896992069933 -37.8349738401131),3124
4090,cultural centre,library,CAMPERDOWN LIBRARY,POINT (143.145876212134 -38.23130472452851),3260
4091,cultural centre,library,CARLTON LIBRARY,POINT (144.9716423708168 -37.78944797484325),3054
4092,cultural centre,library,CAROLINE SPRINGS LIBRARY,POINT (144.73947298616176 -37.73295582272686),3023
4093,cultural centre,library,CHILTERN LIBRARY,POINT (146.60983284296856 -36.1510859428705),3683
4094,cultural centre,library,CITY LIBRARY LIBRARY,POINT (144.9658469398382 -37.81692783361739),3000
4095,cultural centre,library,CLAYTON LIBRARY,POINT (145.1181948932991 -37.92708784876226),3168
4096,cultural centre,library,CLUNES LIBRARY,POINT (143.78674819372912 -37.29326375262545),3370
4097,cultural centre,library,COBDEN LIBRARY,POINT (143.0772312190262 -38.32699672093643),3266
4283,cultural centre,art gallery,THE MANOR,POINT (145.13105764962611 -37.74882061054435),3106
4386,cultural centre,museum,MAFFRA SUGAR BEET MUSEUM,POINT (146.97244965717138 -37.9666050429493),3860
5187,sport facility,swimming pool,NORTHERN SWIMMING POOL,POINT (145.08689649033246 -37.80314216083701),3104
5410,cultural centre,library,YARRA JUNCTION LIBRARY,POINT (145.61209783069796 -37.78252888343653),3797
5419,cultural centre,library,YARRAVILLE LIBRARY,POINT (144.8736529504736 -37.82043482835401),3013
5420,cultural centre,library,YARRAWONGA LIBRARY,POINT (146.004799962398 -36.009751902314456),3730
5537,cultural centre,library,TORQUAY LIBRARY,POINT (144.3169660231816 -38.32613264324393),3228
5624,cultural centre,library,SEYMOUR LIBRARY,POINT (145.14651798891865 -37.030320848104424),3660
5625,cultural centre,library,SHEPPARTON LIBRARY,POINT (145.39745902030666 -36.37700085439),3630
5626,cultural centre,library,SOMERVILLE LIBRARY,POINT (145.17711885206674 -38.22461985466914),3912
5627,cultural centre,library,ST ARNAUD LIBRARY,POINT (143.2579412759796 -36.61541865538603),3478
5628,cultural centre,library,STAWELL LIBRARY,POINT (142.7832436401723 -37.05548382951521),3380
5629,cultural centre,library,STRATFORD LIBRARY,POINT (147.0803485526863 -37.96556699122548),3862
5630,cultural centre,library,SUNBURY LIBRARY,POINT (144.7351940031612 -37.58051281749103),3429
5631,cultural centre,library,SWAN HILL LIBRARY,POINT (143.55884942168026 -35.33560472679672),3585
5632,cultural centre,library,TERANG LIBRARY,POINT (142.91489625232867 -38.241289704634426),3264
5635,cultural centre,library,WEST FOOTSCRAY LIBRARY,POINT (144.87814495115705 -37.7976268345181),3012
5970,cultural centre,library,HEYWOOD LIBRARY,POINT (141.62995148892068 -38.13046563737649),3304
5971,cultural centre,library,KEILOR LIBRARY,POINT (144.83348196533996 -37.719294823999206),3036
5972,cultural centre,library,KILMORE LIBRARY,POINT (144.9518629905704 -37.29440383740155),3764
5974,cultural centre,library,KOROIT LIBRARY,POINT (142.36765435225453 -38.29308267776548),3282
5975,cultural centre,library,KORUMBURRA LIBRARY,POINT (145.8215637199639 -38.430221900406124),3950
5977,cultural centre,library,LEITCHVILLE LIBRARY,POINT (144.30160624655045 -35.90627478504071),3567
5978,cultural centre,library,LEONGATHA LIBRARY,POINT (145.94523468987134 -38.47493391060157),3953
5979,cultural centre,library,LIBRARY ACCESS POINT LIBRARY,POINT (144.94723325280512 -37.81937601636081),3008
5980,cultural centre,library,MANSFIELD LIBRARY,POINT (146.09137282665222 -37.05299691133394),3722
5983,cultural centre,library,MOE LIBRARY,POINT (146.2632126733586 -38.17417492997048),3825
5984,cultural centre,library,MORTLAKE LIBRARY,POINT (142.80616128299044 -38.08132670217442),3272
6063,cultural centre,museum,NATIONAL ALPINE MUSEUM OF AUSTRALIA,POINT (146.448718696107 -37.145358239243656),3723
6440,cultural centre,library,CHILWELL LIBRARY,POINT (144.34682361176905 -38.15711676217628),3220
6442,cultural centre,library,FERNTREE GULLY LIBRARY,POINT (145.29089590035508 -37.889888604507405),3156
6443,cultural centre,library,HIGHTON LIBRARY,POINT (144.32278087335428 -38.17283983869075),3216
6446,cultural centre,library,MYRTLEFORD LIBRARY,POINT (146.72785684512286 -36.55667116838678),3737
6448,cultural centre,library,TULLAMARINE LIBRARY,POINT (144.87415783214252 -37.70216785165464),3043
6449,cultural centre,library,YARRAM LIBRARY,POINT (146.6745445511614 -38.56439596202842),3971
6501,cultural centre,museum,PORT CAMPBELL MUSEUM,POINT (142.99657653195348 -38.61910563381562),3269
6724,cultural centre,library,RIDDELLS CREEK TOY LIBRARY,POINT (144.67839702661627 -37.46089681892359),3431
6725,cultural centre,library,SEAFORD LIBRARY,POINT (145.12631687250476 -38.102811852407605),3198
6732,cultural centre,library,LAKE BOLAC LIBRARY,POINT (142.84082342994077 -37.711616394987004),3351
6761,cultural centre,library,ROMSEY LIBRARY,POINT (144.74340675019974 -37.35011429460595),3434
6812,cultural centre,library,CORIO LIBRARY,POINT (144.3522877985614 -38.083610708085935),3214
6813,cultural centre,library,CORRYONG LIBRARY,POINT (147.90309263051566 -36.19612904756031),3707
6814,cultural centre,library,COWES LIBRARY,POINT (145.239252821708 -38.45148585636928),3922
6815,cultural centre,library,CRESWICK LIBRARY,POINT (143.89517015905759 -37.42377676434596),3363
6816,cultural centre,library,DERRINALLUM LIBRARY,POINT (143.2181762339284 -37.94885172922513),3325
6992,cultural centre,library,MT BEAUTY LIBRARY,POINT (147.17426568861887 -36.736883987661244),3699
6993,cultural centre,library,NATHALIA LIBRARY,POINT (145.20429422242518 -36.06030011888655),3638
6994,cultural centre,library,OAKLEIGH LIBRARY,POINT (145.09020990243508 -37.897378847649314),3166
6996,cultural centre,library,OCEAN GROVE LIBRARY,POINT (144.5221069711793 -38.26626681344703),3226
6997,cultural centre,library,OMEO LIBRARY,POINT (147.59152766546836 -37.10073337561938),3898
6998,cultural centre,library,PAYNESVILLE LIBRARY,POINT (147.7240594457642 -37.91948704632808),3880
6999,cultural centre,library,POINT COOK LIBRARY,POINT (144.73582196683682 -37.88195281840306),3030
7000,cultural centre,library,POOWONG LIBRARY,POINT (145.76562774093236 -38.34310090085674),3988
7001,cultural centre,library,PORT FAIRY LIBRARY,POINT (142.23722735926358 -38.383922671822795),3284
7002,cultural centre,library,PYRAMID HILL LIBRARY,POINT (144.11519326025854 -36.05441677284771),3575
7003,cultural centre,library,QUAMBATOOK LIBRARY,POINT (143.52171337946783 -35.85081073181567),3540
7004,cultural centre,library,RICHMOND LIBRARY,POINT (144.9983039263039 -37.82518184188953),3121
7814,cultural centre,library,CHURCHILL LIBRARY,POINT (146.4225114819203 -38.31332025861902),3842
8113,cultural centre,museum,LAKE GOLDSMITH STEAM PRESERVATION SOCIETY,POINT (143.38419706247907 -37.55355583101198),3373
8249,cultural centre,library,ORBOST LIBRARY,POINT (148.4587533448965 -37.70773210154432),3888
8735,cultural centre,art gallery,AVONWARD GALLERY,POINT (147.07976049138495 -37.968846216200745),3862
8744,cultural centre,museum,NATIONAL VIETNAM VETRANS MUSEUM,POINT (145.32465837173237 -38.52060358674248),3925
8745,cultural centre,art gallery,CASTLEMAINE ART GALLERY AND HISTORICAL MUSEUM,POINT (144.2160034045595 -37.06459378482651),3450
9326,cultural centre,museum,BUNERONG ENVIRONMENT CENTRE,POINT (145.72943283554673 -38.634793183051514),3996
9334,cultural centre,museum,DUNOLLY MUSEUM,POINT (143.73209929975758 -36.860285865451274),3472
9335,cultural centre,museum,TALBOT HISTORICAL MUSEUM,POINT (143.69960666071782 -37.17120523734729),3371
9379,cultural centre,library,VERMONT SOUTH LIBRARY,POINT (145.18079089440045 -37.854480855638926),3133
9381,cultural centre,library,WARRANDYTE LIBRARY,POINT (145.20651389674472 -37.747241855755334),3113
9382,cultural centre,library,WENDOUREE LIBRARY,POINT (143.82391598129686 -37.53379730948241),3355
9767,sport facility,swimming pool,ALEXANDRA SWIMMING POOL,POINT (145.71294140404643 -37.1887586528876),3714
9768,sport facility,swimming pool,ARARAT SOLAR OLYMPIC POOL,POINT (142.92906101423307 -37.28045927860784),3377
9770,sport facility,swimming pool,BALMORAL SWIMMING POOL,POINT (141.83805252942383 -37.245796528457134),3407
9932,cultural centre,library,MOUNT EVELYN LIBRARY,POINT (145.37885858273702 -37.78513714200305),3796
9971,cultural centre,library,CARNEGIE LIBRARY,POINT (145.05816807207754 -37.88765099238435),3163
10024,cultural centre,library,COLAC LIBRARY,POINT (143.58527711969407 -38.343030752360164),3250
10030,cultural centre,library,WERRIBEE CBD LIBRARY,POINT (144.65766489215025 -37.90359726227976),3030
10032,cultural centre,art gallery,WYNDHAM CULTURAL CENTRE,POINT (144.65764651513174 -37.90380055127978),3030
10046,cultural centre,library,LISMORE LIBRARY,POINT (143.34374398928972 -37.95420913497222),3324
10056,cultural centre,library,ASCOT VALE LIBRARY,POINT (144.9155719502154 -37.774008835919595),3032
10057,cultural centre,library,BROADMEADOWS LIBRARY,POINT (144.9185189605711 -37.68269383655332),3047
10059,cultural centre,library,CASTERTON LIBRARY,POINT (141.4054455796398 -37.58472562093556),3311
10060,cultural centre,library,CHELSEA LIBRARY,POINT (145.1161058790605 -38.05059584938112),3196
10061,cultural centre,library,CHELTENHAM LIBRARY,POINT (145.05656190759265 -37.96764984776871),3192
10062,cultural centre,library,COHUNA LIBRARY,POINT (144.2208762720747 -35.81041377914227),3568
10063,cultural centre,library,DAYLESFORD LIBRARY,POINT (144.14164912610173 -37.341058775716796),3460
10065,cultural centre,library,DRYSDALE LIBRARY,POINT (144.57001596180834 -38.172011813063975),3222
10067,cultural centre,library,ELTHAM LIBRARY,POINT (145.14562485468412 -37.716149605347226),3095
10103,cultural centre,library,WONTHAGGI LIBRARY,POINT (145.59090315740147 -38.607463677017016),3995
10297,cultural centre,museum,NATIONAL WOOL MUSEUM,POINT (144.36115822647832 -38.1453924690487),3220
10630,cultural centre,library,HARROW LIBRARY,POINT (141.59196669966266 -37.1668173354602),3317
10631,cultural centre,library,HEALESVILLE LIBRARY,POINT (145.51747385748538 -37.65355687393175),3777
10632,cultural centre,library,HEATHCOTE LIBRARY,POINT (144.70927207281915 -36.92343581062079),3523
10633,cultural centre,library,HIGHETT LIBRARY,POINT (145.04335791193395 -37.94906284474657),3190
10634,cultural centre,library,HORSHAM LIBRARY,POINT (142.20090024593492 -36.71287637553589),3400
10635,cultural centre,library,KANGAROO FLAT LIBRARY,POINT (144.24094216520206 -36.80949477884662),3555
10665,cultural centre,museum,HAMILTON PASTORAL MUSEUM,POINT (142.05084072656032 -37.74327092638557),3300
10706,cultural centre,museum,CASTERTON COMMUNITY MUSEUM,POINT (141.40382318269283 -37.5874566778651),3311
10753,cultural centre,art gallery,ELTHAM PERFORMING ARTS CENTRE,POINT (145.18563191539855 -37.701313851022384),3095
10902,cultural centre,library,BENDIGO LIBRARY,POINT (144.28190015943105 -36.75909378320724),3550
10903,cultural centre,library,MERBEIN LIBRARY,POINT (142.05819875066416 -34.170429633133544),3505
10904,cultural centre,library,NHILL LIBRARY,POINT (141.65166450262893 -36.33390959954539),3418
10920,cultural centre,library,MOORABBIN LIBRARY,POINT (145.03800291142255 -37.93486484729106),3189
10921,cultural centre,library,MOUNT WAVERLEY LIBRARY,POINT (145.1276559004064 -37.87473484709098),3149
10973,cultural centre,library,ROSEBUD LIBRARY,POINT (144.90494963049903 -38.35715935278597),3939
10974,cultural centre,library,SKIPTON LIBRARY,POINT (143.3644801138711 -37.687001640615236),3361
10999,cultural centre,library,NEWCOMB LIBRARY,POINT (144.39182351646315 -38.170006584221944),3219
11000,cultural centre,library,PARKDALE LIBRARY,POINT (145.07774789207443 -37.993322845384526),3195
11001,cultural centre,library,ROCHESTER LIBRARY,POINT (144.70130013528052 -36.36200281450783),3561
11002,cultural centre,library,SEBASTOPOL LIBRARY,POINT (143.84147015887424 -37.59730776399356),3356
11003,cultural centre,library,SOUTH OAKLEIGH LIBRARY,POINT (145.08197790157573 -37.92739684226825),3167
11087,cultural centre,library,WARRACKNABEAL LIBRARY,POINT (142.394587086911 -36.252972645744116),3393
11088,cultural centre,library,MURTOA MECHANICS INSTITUTE AND FREE LIBRARY,POINT (142.46847656415093 -36.61888899632152),3390
11089,cultural centre,museum,WARRACKNABEAL HISTORICAL CENTRE,POINT (142.39534068006628 -36.24978486476744),3393
11125,cultural centre,library,EMERALD HILL LIBRARY,POINT (144.96040581485252 -37.83470182635564),3205
11196,cultural centre,museum,FORESTRY MUSEUM,POINT (146.6886428754222 -36.35855481214531),3747
11344,cultural centre,library,BALLARAT LIBRARY,POINT (143.85594400331155 -37.55813153967403),3350
11601,sport facility,swimming pool,BELGRAVE SWIMMING POOL,POINT (145.35459539558647 -37.91411165510547),3160
11611,sport facility,swimming pool,BLACK HILL POOL,POINT (143.87251742035363 -37.54910450967591),3350
11613,sport facility,swimming pool,BRENNAN PARK POOL,POINT (144.30204034725026 -36.7769313986404),3550
11614,sport facility,swimming pool,BUNINYONG SWIMMING POOL,POINT (143.88819704143248 -37.65021049230311),3357
11615,sport facility,swimming pool,CAMPBELLS CREEK SWIM CENTRE,POINT (144.20343832591328 -37.09192911217867),3451
11616,sport facility,swimming pool,CASTERTON SWIMMING POOL,POINT (141.40464955002693 -37.581801562875135),3311
11617,sport facility,swimming pool,CASTLEMAINE SWIMMING POOL,POINT (144.2134887370624 -37.05399418459583),3450
11620,sport facility,swimming pool,COBDEN SWIMMING POOL,POINT (143.07816752097125 -38.32584542398624),3266
11797,cultural centre,library,SUNSHINE LIBRARY,POINT (144.83214991069846 -37.78318643730523),3020
11950,cultural centre,library,EMERALD LIBRARY,POINT (145.44545527863158 -37.92890529457035),3782
12015,cultural centre,art gallery,BUNDOORA HOMESTEAD ART CENTRE,POINT (145.0503713433795 -37.70486224871419),3083
12155,cultural centre,library,PATTERSON LAKES LIBRARY,POINT (145.14338887427604 -38.06877485437691),3197
12156,cultural centre,library,PORTLAND LIBRARY,POINT (141.606468260769 -38.35124891641437),3305
12157,cultural centre,library,WARRNAMBOOL LIBRARY,POINT (142.48168531112745 -38.38591068392616),3280
12290,cultural centre,museum,BANDIANA ARMY MUSEUM,POINT (146.91724779890865 -36.14653197009061),3691
12300,cultural centre,library,MILDURA LIBRARY,POINT (142.15647673493183 -34.19082563580902),3500
12309,cultural centre,library,CROYDON LIBRARY,POINT (145.28176029483564 -37.80058134631651),3136
12325,cultural centre,library,ALTONA MEADOWS LIBRARY,POINT (144.7748345179362 -37.87359826098482),3028
12362,cultural centre,art gallery,WARRNAMBOOL ART GALLERY,POINT (142.48226357098832 -38.38628601396205),3280
12408,cultural centre,library,WHITTLESEA LIBRARY,POINT (145.1228372105238 -37.51529119652102),3757
12489,cultural centre,library,DOVETON LIBRARY,POINT (145.23844346185115 -37.99479153950669),3177
12494,cultural centre,library,VIOLET TOWN LIBRARY,POINT (145.71784629534787 -36.63672161672027),3669
12628,cultural centre,library,MARIBYRNONG LIBRARY,POINT (144.88647159233358 -37.773351075933945),3032
12642,cultural centre,museum,ARMY TANK MUSEUM,POINT (145.04005724750326 -36.99612404155814),3662
12670,cultural centre,library,FOOTSCRAY LIBRARY,POINT (144.89578267682117 -37.800159607733846),3011
12674,cultural centre,library,MALVERN EAST LIBRARY,POINT (145.0813284939235 -37.87965532592803),3145
12677,cultural centre,library,DINGLEY LIBRARY,POINT (145.13436489244708 -37.98187684821717),3172
12712,cultural centre,library,DROUIN LIBRARY,POINT (145.85362174464134 -38.133886904887305),3818
12725,cultural centre,library,MORNINGTON LIBRARY,POINT (145.0365022416086 -38.21766610893014),3931
12728,cultural centre,museum,MUSEO ITALIANO,POINT (144.96798443041953 -37.79895132165207),3053
12754,cultural centre,library,LALOR LIBRARY,POINT (145.01784246045236 -37.67308898428386),3075
12823,cultural centre,library,GROVEDALE LIBRARY,POINT (144.3334184777405 -38.208207176606436),3216
12827,cultural centre,museum,BALLAM PARK HOMESTEAD,POINT (145.16049447905195 -38.15206294207254),3199
12844,cultural centre,museum,YARRA RANGES REGIONAL MUSEUM,POINT (145.35351797437812 -37.75580737604675),3140
12866,cultural centre,library,WYNDHAM VALE LIBRARY,POINT (144.6046486083239 -37.87617829455881),3024
12907,sport facility,swimming pool,AQUARENA AQUATIC AND LEISURE CENTRE,POINT (145.1242074410621 -37.77393258022759),3107
12911,sport facility,swimming pool,PUCKAPUNYAL SWIMMING POOL,POINT (145.0460545337649 -37.00295514501306),3662
12927,cultural centre,art gallery,SUTTON CENTRE,POINT (144.97842725052243 -37.79973321837112),3065
12928,cultural centre,library,NIDDRIE LIBRARY,POINT (144.88893495692244 -37.73614383487068),3042
12933,cultural centre,museum,PORT ALBERT MARITIME MUSEUM,POINT (146.69296031876934 -38.67158238607461),3971
12943,cultural centre,art gallery,CHAPEL OFF CHAPEL ARTS CENTRE,POINT (144.99549402733226 -37.847772219837076),3181
13019,cultural centre,library,KYABRAM LIBRARY,POINT (145.045836088471 -36.315758833611575),3620
13095,cultural centre,library,NARRE WARREN LIBRARY,POINT (145.29952153944672 -38.019436947910584),3805
13381,cultural centre,library,THOMASTOWN LIBRARY,POINT (145.0067677007354 -37.678891329560834),3074
13570,cultural centre,library,CRANBOURNE LIBRARY,POINT (145.29480260274693 -38.113783579164),3977
13572,cultural centre,library,HAMPTON PARK LIBRARY,POINT (145.26430556496993 -38.03407253954782),3976
13642,cultural centre,museum,THE OLD CHEESE FACTORY,POINT (145.3337592175527 -38.05448441751724),3806
13728,cultural centre,library,ALEXANDRA LIBRARY,POINT (145.70958019835481 -37.19108337266237),3714
13729,cultural centre,library,FLEMINGTON LIBRARY,POINT (144.93048394706494 -37.78845583202598),3031
13794,cultural centre,library,BEAUMARIS LIBRARY,POINT (145.03404805190553 -37.98241087931333),3193
13832,cultural centre,library,BAIRNSDALE LIBRARY,POINT (147.6288374779378 -37.825505034177176),3875
13893,cultural centre,museum,FOSTER AND DISTRICT HISTORICAL SOCIETY,POINT (146.19985582685652 -38.65112532724506),3960
13897,cultural centre,museum,PORT WELSHPOOL AND DISTRICT MARITIME MUSEUM,POINT (146.46506991902694 -38.6980854211508),3965
13909,cultural centre,library,BELMONT LIBRARY,POINT (144.34373237944 -38.17486794308137),3216
13912,cultural centre,library,QUEENSCLIFF LIBRARY,POINT (144.66130858638496 -38.26775147376125),3225
13980,cultural centre,museum,MELBOURNES LIVING MUSEUM OF THE WEST,POINT (144.89529758961407 -37.77509780454542),3032
14164,cultural centre,library,APOLLO BAY LIBRARY,POINT (143.66357450470832 -38.75406548175919),3233
14172,cultural centre,library,FAWKNER LIBRARY,POINT (144.97001146552847 -37.702499174191765),3060
14181,cultural centre,art gallery,HEIDE MUSEUM OF MODERN ART,POINT (145.0833025708679 -37.758193303310456),3105
14279,cultural centre,library,MELTON LIBRARY,POINT (144.582362020503 -37.68477980688484),3337
14372,cultural centre,museum,WARRNAMBOOL HISTORICAL SOCIETY HOUSE,POINT (142.48022190430615 -38.38680864884646),3280
14504,cultural centre,library,WATSONIA LIBRARY,POINT (145.08356893203953 -37.71038611303159),3087
14513,cultural centre,library,BRUNSWICK LIBRARY,POINT (144.96081906058222 -37.77204602199538),3056
14514,cultural centre,library,BRUNSWICK WEST LIBRARY,POINT (144.94590843009632 -37.75424083286635),3055
14515,cultural centre,library,COBURG LIBRARY,POINT (144.96531447592346 -37.74327027712399),3058
14516,cultural centre,library,DEER PARK LIBRARY,POINT (144.77695667962917 -37.75195531737511),3023
14517,cultural centre,library,FAIRFIELD LIBRARY,POINT (145.0191463028743 -37.77753488002244),3078
14519,sport facility,swimming pool,JACK HORT MEMORIAL POOL,POINT (145.53110985722577 -37.643837877834265),3777
14520,cultural centre,library,ST ALBANS LIBRARY,POINT (144.80067586061972 -37.74167431091555),3021
14694,cultural centre,art gallery,LINDEN CENTRE FOR CONTEMPORARY ARTS,POINT (144.97688890770388 -37.864889357669625),3182
14695,cultural centre,art gallery,ANNA PAPPAS GALLERY,POINT (144.9944945024873 -37.847944114769696),3181
14697,cultural centre,art gallery,GEELONG ART GALLERY,POINT (144.35716299499308 -38.14719062879647),3220
14701,cultural centre,art gallery,BENDIGO ART GALLERY,POINT (144.27685891244568 -36.75741064686639),3550
14737,cultural centre,aquarium,SEA LIFE MELBOURNE AQUARIUM,POINT (144.9583614267341 -37.820648979128855),3000
15208,cultural centre,museum,SEYMOUR AND DISTRICT HISTORICAL SOCIETY,POINT (145.12962169281008 -37.020577971876335),3660
15357,cultural centre,library,BRIGHTON LIBRARY,POINT (144.9979255920539 -37.91065346739286),3186
15399,cultural centre,library,EUROA LIBRARY,POINT (145.57008395237796 -36.75047387394423),3666
15411,cultural centre,museum,HISTORICAL SOCIETY MUSEUM,POINT (145.11506590800053 -38.0527893413229),3196
15565,cultural centre,museum,LATROBES COTTAGE,POINT (144.9760973384617 -37.83161279240936),3004
15567,cultural centre,museum,MELBOURNE MUSEUM,POINT (144.97175778827264 -37.803481967938176),3053
15568,cultural centre,art gallery,MORNINGTON PENINSULA REGIONAL GALLERY,POINT (145.0519592887234 -38.237236184112135),3931
15569,cultural centre,art gallery,MCCLELLAND SCULPTURE GALLERY,POINT (145.17663759690848 -38.14583006715137),3910
15570,cultural centre,art gallery,ARARAT REGIONAL ART GALLERY,POINT (142.93224996943331 -37.28313392881559),3377
15571,cultural centre,museum,PORTLAND CABLE TRAMS,POINT (141.6067151294009 -38.35492962144975),3305
15659,cultural centre,library,CARRUM DOWNS LIBRARY,POINT (145.1868140608854 -38.10292018359192),3201
15876,cultural centre,art gallery,ARTPLAY,POINT (144.97159531869283 -37.81828207101882),3000
16018,cultural centre,library,BALLAN LIBRARY,POINT (144.22453337423033 -37.60052064672898),3342
16464,cultural centre,art gallery,UPWEY DRCCC BURRINJA COMPLEX,POINT (145.33454629181793 -37.91640572171794),3158
16469,cultural centre,museum,SOLDIERS MEMORIAL MUSEUM BENDIGO,POINT (144.279211863934 -36.75857288502785),3550
16475,cultural centre,museum,BAIRNSDALE HISTORICAL MUSEUM,POINT (147.62591980451398 -37.8328346079923),3875
16850,cultural centre,library,LARA LIBRARY,POINT (144.41106392671722 -38.02213699558647),3212
16852,cultural centre,library,NOOJEE LIBRARY,POINT (145.9978677123204 -37.89340852982279),3833
16893,cultural centre,museum,BROADFORD DISTRICT HISTORICAL SOCIETY,POINT (145.05041960357107 -37.20341342857863),3658
16972,cultural centre,library,RUTHERGLEN LIBRARY,POINT (146.45910445413105 -36.05535031498644),3685
16976,cultural centre,museum,JEWISH MUSEUM OF AUSTRALIA,POINT (144.98549950470996 -37.86026164023016),3182
16980,cultural centre,museum,BACCHUS MARSH BLACKSMITHS COTTAGE AND FORGE COMPLEX,POINT (144.4351301790019 -37.675301476038),3340
16988,cultural centre,museum,HARROW DISCOVERY CENTRE,POINT (141.59256346768234 -37.16537424148379),3317
16998,cultural centre,art gallery,WANGARATTA ART GALLERY,POINT (146.32262635534232 -36.35577485882626),3677
17003,cultural centre,museum,BENDIGO JOSS HOUSE TEMPLE,POINT (144.29129198685732 -36.739340055697504),3550
17010,cultural centre,library,IRYMPLE LIBRARY,POINT (142.16836655656277 -34.234037838767435),3498
17020,cultural centre,museum,WATER TOWER MUSEUM,POINT (142.4714079959966 -36.615096163467804),3390
17029,cultural centre,art gallery,MONTSALVAT,POINT (145.1530569341406 -37.72764232393236),3095
17066,cultural centre,library,AS KENYON LIBRARY,POINT (142.18690152058034 -34.3086002543097),3496
17069,cultural centre,art gallery,INCINERATOR GALLERY,POINT (144.9035052513526 -37.76434492903755),3040
17126,cultural centre,library,HEYFIELD LIBRARY,POINT (146.7842276024643 -37.98484196572757),3858
17182,cultural centre,library,MALVERN LIBRARY,POINT (145.0320493910071 -37.856671639398414),3144
17183,cultural centre,library,PRAHRAN LIBRARY,POINT (144.99276121859677 -37.84970572966192),3181
17190,cultural centre,museum,JOHNSON COLLECTION,POINT (144.9851930068113 -37.81387047792173),3002
17254,cultural centre,museum,COHUNA AND DISTRICT HISTORICAL SOCIETY MUSEUM,POINT (144.21927427142464 -35.8094867750318),3568
17275,cultural centre,art gallery,COOMBE COTTAGE,POINT (145.38014383183915 -37.71922266768269),3770
17279,cultural centre,museum,THE SHEPPARTON HERITAGE CENTRE MUSEUM,POINT (145.3976037138386 -36.381147317426866),3630
17296,cultural centre,museum,MELBOURNE IMMIGRATION MUSEUM,POINT (144.9604311515435 -37.81909401826064),3000
17326,cultural centre,museum,ELDORADO MUSEUM,POINT (146.5244843117011 -36.309788590516725),3746
17339,cultural centre,art gallery,WOODS STREET ARTS SPACE,POINT (144.77224503662413 -37.86209538773871),3028
17559,cultural centre,museum,HELLENIC MUSEUM,POINT (144.95707674387796 -37.8121686149885),3000
17628,cultural centre,museum,HORSHAM HISTORICAL SOCIETY,POINT (142.20117811464257 -36.715671603569156),3400
17662,cultural centre,library,COLLINGWOOD LIBRARY,POINT (144.9929526924846 -37.80448934139475),3067
17719,cultural centre,library,WILLIAMSTOWN LIBRARY,POINT (144.8964196224269 -37.85822743213686),3016
17720,cultural centre,library,ASHBURTON LIBRARY,POINT (145.07701314645772 -37.86336969453013),3147
17722,cultural centre,art gallery,MUSEUM OF TRUTH AND LIES,POINT (143.74244441726364 -37.05107698030387),3465
17724,cultural centre,library,MIDDLE PARK LIBRARY,POINT (144.96210649990476 -37.84990459756605),3206
17738,cultural centre,museum,CHARLES AUTO MUSEUM,POINT (144.95774727180023 -38.36932410346336),3936
17827,cultural centre,library,ALBERT PARK LIBRARY,POINT (144.95631679384076 -37.841351744117425),3206
17828,cultural centre,library,PORT MELBOURNE LIBRARY,POINT (144.94451082551402 -37.835630844275634),3207
17953,cultural centre,museum,MORNINGTON HISTORICAL SOCIETY,POINT (145.03617024282667 -38.21621943089847),3931
18043,cultural centre,museum,CHILTERN ATHENAEUM MUSEUM,POINT (146.60984084097126 -36.15105110387086),3683
18051,cultural centre,library,BALLARAT MECHANICS INSTITUTE,POINT (143.85854163143287 -37.56239529286614),3350
18058,cultural centre,museum,FARMERS ARMS MUSEUM,POINT (145.5734748586705 -36.75178922919271),3666
18060,cultural centre,museum,GRAINGER MUSEUM,POINT (144.95753802347977 -37.796672233923935),3052
18087,cultural centre,museum,VILLA ALBA,POINT (145.0113223422251 -37.805147535657355),3101
18091,cultural centre,art gallery,MANYUNG GALLERY,POINT (145.085038531104 -38.19916210415419),3930
18142,cultural centre,museum,NAPIER WALLER HOUSE,POINT (145.03839854405246 -37.78198189237109),3079
18145,cultural centre,art gallery,SHEPPARTON ART GALLERY,POINT (145.39812433519626 -36.377012521436704),3630
18193,cultural centre,museum,HERITAGE HILL,POINT (145.21858626289014 -37.989622752095784),3175
18338,cultural centre,library,SOUTH YARRA LIBRARY,POINT (144.99946321346485 -37.84022152406216),3141
18345,cultural centre,art gallery,THE SUBSTATION,POINT (144.8829821902827 -37.844199724135585),3015
18363,cultural centre,library,MIRBOO NORTH LIBRARY,POINT (146.15539665844884 -38.40105092345095),3871
18451,cultural centre,library,BANNOCKBURN LIBRARY,POINT (144.17101524424368 -38.047477131994356),3331
18479,cultural centre,library,BROADFORD LIBRARY,POINT (145.04897898286063 -37.202991844477026),3658
18539,cultural centre,museum,CRESWICK MUSEUM,POINT (143.8951140300354 -37.42409378834435),3363
18565,cultural centre,museum,AUSTRALIAN NATIONAL AVIATION MUSEUM,POINT (145.09160747848412 -37.97667341923599),3194
18584,cultural centre,library,BENTLEIGH LIBRARY,POINT (145.04070134964937 -37.91935727938045),3204
18679,cultural centre,museum,TATURA IRRIGATION AND WARTIME CAMPS MUSEUM,POINT (145.22251805435263 -36.43981661859865),3616
18680,cultural centre,library,YEA LIBRARY,POINT (145.42323563539665 -37.21258915852698),3717
18686,cultural centre,art gallery,LATROBE REGIONAL GALLERY,POINT (146.39437948500807 -38.236675768055925),3840
18692,cultural centre,art gallery,MAFFRA EXHIBITION SPACE,POINT (146.97847120200845 -37.96761895141664),3860
18742,cultural centre,art gallery,BALUK ARTS,POINT (145.05868306768642 -38.23589203356611),3931
18743,cultural centre,museum,MELBOURNE TRAMWAY MUSEUM,POINT (144.96648179186852 -37.3523794357641),3762
18745,cultural centre,art gallery,THE CONVENT GALLERY,POINT (144.14827754183042 -37.342388168155736),3460
18773,cultural centre,museum,LORNE HISTORICAL SOCIETY,POINT (143.97341626838227 -38.53662286918318),3232
18776,cultural centre,museum,MOUNT DE LANCEY HOMESTEAD AND MUSEUM,POINT (145.42507705731052 -37.78899130726903),3139
18849,cultural centre,museum,THE GIPPSLAND VEHICLE COLLECTION,POINT (146.98279030063264 -37.97277821477964),3860
18935,cultural centre,art gallery,RED ROCK REGIONAL THEATRE AND GALLERY,POINT (143.52289979820782 -38.28953565013256),3254
18981,cultural centre,library,TALLANGATTA LIBRARY,POINT (147.17869174358026 -36.216566992623655),3700
19050,cultural centre,museum,QUEENSCLIFFE MARITIME MUSEUM,POINT (144.66721172865982 -38.264797598139545),3225
19094,sport facility,swimming pool,THORPDALE SWIMMING POOL,POINT (146.18109929716724 -38.28901846964447),3835
19099,cultural centre,library,GISBORNE LIBRARY,POINT (144.59258662353372 -37.48764073734181),3437
19225,cultural centre,library,MAFFRA LIBRARY,POINT (146.9782555690395 -37.967668980400425),3860
19234,cultural centre,museum,SALE MUSEUM,POINT (147.0675897989149 -38.11168476815602),3850
19250,cultural centre,library,HOPPERS CROSSING LIBRARY,POINT (144.68225169371772 -37.876885621765865),3029
19276,cultural centre,art gallery,GIPPSLAND ART GALLERY,POINT (147.06335906363194 -38.111819188831404),3850
19377,cultural centre,museum,DRYSDALE OLD COURT HOUSE MUSEUM,POINT (144.57041284555302 -38.173741852101074),3222
19478,cultural centre,library,WOODEND LIBRARY,POINT (144.52898239339459 -37.35452795726934),3442
19482,cultural centre,museum,RAILWAY MUSEUM,POINT (144.88246100838714 -37.85331582815657),3015
19579,cultural centre,library,TONGALA LIBRARY,POINT (144.95110210172763 -36.25123982471351),3621
19815,cultural centre,museum,STAWELL HISTORICAL SOCIETY MUSEUM,POINT (142.76341561978802 -37.06382052639136),3380
19944,cultural centre,art gallery,GASWORKS COMMUNITY ARTS CENTRE,POINT (144.9465508243391 -37.84318689146174),3206
20118,cultural centre,library,NORTH MELBOURNE LIBRARY,POINT (144.94979093907955 -37.803536835437306),3051
20192,cultural centre,museum,PORTLAND MARITIME DISCOVERY CENTRE,POINT (141.6077179440103 -38.3459429334509),3305
20199,cultural centre,museum,BROWN COAL MINE MUSEUM,POINT (146.36399296893654 -38.164285140354586),3825
20218,cultural centre,library,ROSANNA LIBRARY,POINT (145.0669763423621 -37.742911080092156),3084
20227,sport facility,swimming pool,CHEWTON SWIMMING POOL,POINT (144.2546098092807 -37.08162969845571),3451
20240,sport facility,swimming pool,BEECHWORTH SWIMMING POOL,POINT (146.68738681415937 -36.36261195407705),3747
20242,sport facility,swimming pool,CHILTERN SWIMMING POOL,POINT (146.60985484080862 -36.1524569438811),3683
20323,sport facility,swimming pool,LEISURETIME SWIM CENTRE,POINT (144.3243721055109 -38.18764584188586),3216
20436,cultural centre,museum,MORNINGTON MUSEUM,POINT (145.03622032381233 -38.21626924990221),3931
20437,cultural centre,art gallery,EAST GIPPSLAND ART GALLERY,POINT (147.63255985046692 -37.824191231463736),3875
20492,sport facility,swimming pool,MALDON SWIMMING POOL,POINT (144.0649003012255 -36.9945421015739),3463
20699,sport facility,swimming pool,OLINDA SWIMMING POOL,POINT (145.3741084806515 -37.85618733211192),3788
20780,cultural centre,museum,ISLAMIC MUSEUM OF AUSTRALIA,POINT (144.98107638697064 -37.754542954271926),3071
20788,cultural centre,museum,KANIVA HISTORICAL MUSEUM,POINT (141.24562958181804 -36.379343064003926),3419
20789,cultural centre,museum,LAKE BOGA FLYING BOAT MUSEUM,POINT (143.62761347094533 -35.45088863285179),3584
20802,cultural centre,library,SOUTHBANK LIBRARY,POINT (144.9611486247065 -37.825652929350326),3006
20816,cultural centre,library,HAMILTON LIBRARY,POINT (142.02441245331477 -37.7420556518909),3300
20817,cultural centre,art gallery,HAMILTON ART GALLERY,POINT (142.0245854572593 -37.74233620290234),3300
21005,cultural centre,library,TIMBOON LIBRARY,POINT (142.98114625885964 -38.484810751081014),3268
21010,cultural centre,art gallery,NATIONAL GALLERY OF VICTORIA,POINT (144.9689434466847 -37.822595131864226),3006
21017,cultural centre,library,MILL PARK LIBRARY,POINT (145.07488485399094 -37.660354247122534),3082
21060,cultural centre,library,DANDENONG LIBRARY,POINT (145.21752695866695 -37.98428026698924),3175
21069,cultural centre,museum,OLD TREASURY BUILDING,POINT (144.9743944927614 -37.813178110178626),3002
21071,cultural centre,library,BALWYN LIBRARY,POINT (145.0855115824256 -37.81362900080673),3103
21169,cultural centre,library,IVANHOE LIBRARY,POINT (145.04495435164912 -37.76608303172256),3079
21189,cultural centre,museum,BENALLA AVIATION MUSEUM,POINT (145.99842666817335 -36.55436795238168),3672
21220,cultural centre,library,BULLEEN LIBRARY,POINT (145.09196692051188 -37.76602384395572),3105
21279,cultural centre,library,FRANKSTON LIBRARY,POINT (145.12369891520243 -38.145860999491916),3199
21301,cultural centre,library,CAULFIELD LIBRARY,POINT (145.02274492403822 -37.88036683990673),3162
21318,cultural centre,library,SIR JOHN GORTON LIBRARY,POINT (143.91551332675513 -35.734649755930825),3579
21334,cultural centre,library,DONCASTER LIBRARY,POINT (145.1310809834225 -37.78715435778413),3108
21409,cultural centre,library,COLAC COMMUNITY LIBRARY,POINT (143.59039113892098 -38.35153917973243),3250
21418,cultural centre,library,MELTON LIBRARY AT VICTORIA UNIVERSITY,POINT (144.56476509115606 -37.707440266850824),3338
21673,cultural centre,art gallery,EDMUND HERRING PAVILION,POINT (144.975762928467 -37.83209884038949),3004
21674,cultural centre,museum,DOMAIN HOUSE,POINT (144.97625193640755 -37.83186384142148),3004
21727,cultural centre,library,STATE LIBRARY OF VICTORIA,POINT (144.96518876172868 -37.80978183952809),3000
21728,cultural centre,library,ROSEDALE LIBRARY,POINT (146.78798141623227 -38.154547222069205),3847
21731,cultural centre,museum,MELBOURNE MARITIME MUSEUM,POINT (144.9520233714057 -37.82460367372035),3006
21736,cultural centre,library,HAWTHORN LIBRARY,POINT (145.03531530785995 -37.825333508428365),3122
21738,cultural centre,museum,AUSTRALIAN CENTRE FOR THE CONTEMPORARY ART,POINT (144.96675355162282 -37.826665390739734),3006
21739,cultural centre,museum,SCIENCEWORKS,POINT (144.893368486849 -37.83151622476378),3015
21740,cultural centre,observatory,MELBOURNE PLANETARIUM,POINT (144.89372172071057 -37.83222827279222),3015
21743,cultural centre,museum,MOOROOPNA MUSEUM AND GALLERY,POINT (145.36432287126325 -36.39083610415954),3629
21744,cultural centre,library,MORWELL LIBRARY,POINT (146.3989946348365 -38.23972793841734),3840
21756,cultural centre,museum,CAMPERDOWN AND DISTRICT HISTORICAL MUSEUM,POINT (143.14421972343442 -38.23124891642731),3260
21874,cultural centre,library,BORONIA LIBRARY,POINT (145.28455738234211 -37.86386858890433),3155
21875,cultural centre,museum,THE GOLD MUSEUM,POINT (143.86704943082893 -37.573628238478626),3350
21883,cultural centre,museum,DONALD DISTRICT ARCHIVES,POINT (142.98169341690678 -36.37006569906709),3480
21884,cultural centre,museum,LANGI MORGALA MUSEUM,POINT (142.93462233898768 -37.28353270696032),3377
21885,cultural centre,museum,QUEENSCLIFFE HISTORICAL MUSEUM,POINT (144.66151594035935 -38.26764882177453),3225
21886,cultural centre,art gallery,LEONGATHA ART GALLERY,POINT (145.94524124680578 -38.47548387760543),3953
21887,cultural centre,art gallery,STATION GALLERY AND COMMUNITY ARTS HUB,POINT (146.06344748086565 -38.203298691514526),3823
21888,cultural centre,museum,KELLY HOMESTEAD MUSEUM,POINT (146.2214048776949 -36.463904916072046),3675
21889,cultural centre,museum,KATAMATITE MUSEUM,POINT (145.68879011489142 -36.0790906670474),3649
21890,cultural centre,museum,LANGTREE HALL MUSEUM,POINT (142.15600573474717 -34.18175564172245),3500
21891,cultural centre,museum,AUCHMORE HISTORIC HOMESTEAD,POINT (143.18704742732618 -35.856819709225846),3529
21892,cultural centre,art gallery,LA TROBE UNIVERSITY VISUAL ARTS CENTRE,POINT (144.2757505216152 -36.75756973679483),3550
21893,cultural centre,art gallery,BRIGHT ART GALLERY AND CULTURAL CENTRE,POINT (146.96823241074728 -36.72664378775106),3741
21894,cultural centre,art gallery,TOORA VILLAGE ARTIST COLLECTIVE AND STUDIO GALLERY,POINT (146.32413281820988 -38.664012818481304),3962
21895,cultural centre,museum,THE MAN FROM SNOWY RIVER FOLK MUSEUM,POINT (147.90053148873292 -36.19771375036521),3707
21896,cultural centre,museum,STAWELL GIFT HALL OF FAME,POINT (142.77344541560333 -37.05810048995031),3380
21897,cultural centre,museum,WANGARATTA HISTORICAL SOCIETY AND MUSEUM,POINT (146.3234288732098 -36.35578992088561),3677
21899,cultural centre,art gallery,STAWELL RAILWAY STATION GALLERY,POINT (142.77319806549733 -37.05970685394563),3380
21900,cultural centre,museum,GOLDEN DRAGON MUSEUM,POINT (144.28245616077075 -36.75481578321657),3550
21912,cultural centre,library,TRENTHAM LIBRARY,POINT (144.32395050700146 -37.38835380492204),3458
21915,cultural centre,museum,QUAMBATOOK HERITAGE MACHINERY SHED,POINT (143.51512416785098 -35.8581208244521),3540
21922,cultural centre,art gallery,SWANN HILL REGIONAL GALLERY,POINT (143.564750074467 -35.34929057725448),3585
21966,cultural centre,museum,BENDIGO POTTERY MUSEUM,POINT (144.31625383492602 -36.70729705713171),3551
21968,cultural centre,museum,PORT FAIRY HISTORY CENTRE,POINT (142.2399453654443 -38.38750367299952),3284
21969,cultural centre,museum,ANTIQUE CLOCK MUSEUM,POINT (146.00704296093636 -36.010662898483105),3730
21971,cultural centre,art gallery,YARRAM COURTHOUSE GALLERY,POINT (146.67605355026575 -38.561359961123486),3971
21972,cultural centre,museum,GOLDEN GRAINS MUSEUM,POINT (143.3483913716913 -36.26745472073964),3525
21973,cultural centre,museum,CHURCHILL ISLAND AGRICULTURAL MUSEUM,POINT (145.33803197972182 -38.49968640054946),3925
21974,cultural centre,museum,COLAC AND DISTRICT HISTORICAL SOCIETY,POINT (143.58577681961535 -38.34292760439087),3250
21975,cultural centre,museum,MALDON MUSEUM AND ARCHIVES ASSOCIATION,POINT (144.06739517359316 -36.9966347727483),3463
21976,cultural centre,museum,BOWER BIRD NEST MUSEUM,POINT (141.6385731215832 -38.150978437970295),3304
21977,cultural centre,art gallery,STOCKYARD ART GALLERY,POINT (146.19987361889923 -38.65074092824402),3960
21978,cultural centre,museum,MALDON VINTAGE MACHINERY MUSEUM,POINT (144.0721391787463 -36.997073775057736),3463
21979,cultural centre,museum,CLUNES MUSEUM,POINT (143.78597323480466 -37.293839328579836),3370
21980,cultural centre,museum,THE OLD POLICE CAMP DONALD,POINT (142.97971241738458 -36.368448697937744),3480
21988,cultural centre,museum,APOLLO BAY OLD CABLE STATION MUSEUM,POINT (143.68069351338357 -38.73681572273577),3233
22003,cultural centre,museum,LINTON AND DISTRICT MUSEUM,POINT (143.562407704416 -37.68673737992017),3360
22004,cultural centre,museum,RIO VISTA HISTORIC HOUSE,POINT (142.15871173668222 -34.177485638847365),3500
22035,cultural centre,library,INVERLOCH LIBRARY,POINT (145.72768570603515 -38.6332708999173),3996
22054,cultural centre,library,BARWON HEADS LIBRARY,POINT (144.48702997278724 -38.281260805206344),3227
22057,cultural centre,library,BIRCHIP LIBRARY,POINT (142.9099659499582 -35.98401872231103),3483
22058,cultural centre,library,GLADSTONE PARK LIBRARY,POINT (144.88959196689083 -37.68900683462257),3043
22102,cultural centre,art gallery,CENTRAL GOLDFIELDS ART GALLERY,POINT (143.73729033168144 -37.045569340943146),3465
22103,cultural centre,art gallery,BOOM GALLERY,POINT (144.34363696690787 -38.16112861099105),3220
22104,cultural centre,museum,STRATFORD HISTORICAL SOCIETY AND MUSEUM,POINT (147.08067255151366 -37.966517992256385),3862
22105,cultural centre,art gallery,MILDURA ARTS CENTRE GALLERY,POINT (142.15850503672186 -34.17738803483501),3500
22106,cultural centre,art gallery,GREAT ALPINE GALLERY,POINT (147.7214097236519 -37.26345246295875),3896
22107,cultural centre,museum,BRIGHT MUSEUM,POINT (146.95663365524652 -36.73012693988669),3741
22108,cultural centre,museum,J WARD MUSEUM COMPLEX,POINT (142.9302396451854 -37.27880738166829),3377
22109,cultural centre,museum,LAKES ENTRANCE REGIONAL HISTORY CENTRE AND MUSEUM,POINT (147.97362540980683 -37.882174063079745),3909
22110,cultural centre,museum,RUSHWORTH MUSEUM,POINT (145.01623205887194 -36.586825830320365),3612
22111,cultural centre,museum,ROCHESTER HISTORICAL AND PIONEER SOCIETY MUSEUM,POINT (144.709498132607 -36.35542781101681),3561
22112,cultural centre,museum,SEYMOUR RAILWAY HERITAGE CENTRE,POINT (145.1420653474517 -37.023029562750786),3660
22113,cultural centre,museum,WARRACKNABEAL DISTRICT HISTORICAL SOCIETY,POINT (142.40597752729443 -36.261233663453616),3393
22128,cultural centre,library,TRARALGON LIBRARY,POINT (146.5346635596382 -38.193719594239994),3844
22142,cultural centre,library,LILYDALE LIBRARY,POINT (145.35344438292023 -37.760048305067976),3140
22145,cultural centre,library,MOONEE PONDS LIBRARY,POINT (144.92429753269656 -37.764819912457426),3039
22206,cultural centre,art gallery,MEAT MARKET CRAFT CENTRE,POINT (144.9538736845902 -37.80151542270364),3051
22275,cultural centre,library,PUBLIC RECORD OFFICE VICTORIA,POINT (144.94168427120533 -37.7969092698427),3051
22313,cultural centre,library,ST KILDA LIBRARY,POINT (144.98889576529763 -37.867805212509346),3182
22316,cultural centre,library,ALTONA LIBRARY,POINT (144.8292298249575 -37.86899990563853),3018
22317,cultural centre,library,REGIONAL LIBRARY HEADQUARTERS,POINT (145.24630640927433 -37.8702940642823),3152
22327,cultural centre,library,FITZROY LIBRARY,POINT (144.97966299807132 -37.801910993469164),3065
22342,cultural centre,library,KEW LIBRARY,POINT (145.03450080291623 -37.80777769426359),3101
22353,cultural centre,museum,MUSEUM OF AUSTRALIAN CHINESE HISTORY,POINT (144.96917325993385 -37.81073070680639),3000
22364,cultural centre,art gallery,MEENIYAN ART GALLERY,POINT (146.01437889856354 -38.5774533892447),3956
22373,cultural centre,art gallery,BENALLA ART GALLERY,POINT (145.97954799551968 -36.552219584999285),3672
22374,cultural centre,library,BENALLA LIBRARY,POINT (145.98357317878265 -36.55288916529528),3672
22376,cultural centre,art gallery,THE IAN POTTER CENTRE NGV AUSTRALIA,POINT (144.96989778507998 -37.81743246189748),3000
22377,cultural centre,art gallery,AUSTRALIAN CENTRE FOR THE MOVING IMAGE (ACMI),POINT (144.96912942520908 -37.817471883845194),3000
22379,cultural centre,library,NUNAWADING LIBRARY,POINT (145.18096925143507 -37.817549588422125),3131
22380,cultural centre,museum,CHAMPIONS AUSTRALIAN RACING MUSEUM,POINT (144.9692328511097 -37.81822161685692),3000
22649,cultural centre,library,HASTINGS LIBRARY,POINT (145.19382650283075 -38.307961968338),3915
22659,cultural centre,library,JULIA GILLARD LIBRARY,POINT (144.6957523538171 -37.83526533241625),3029
22849,cultural centre,museum,LIGHT HORSE AND FIELD ARTILLERY MUSEUM,POINT (145.56970124461168 -38.05198088910249),3812
22960,cultural centre,museum,YACKANDANDAH MUSEUM,POINT (146.83934824921366 -36.31291701324779),3749
22973,cultural centre,museum,BENALLA COSTUME AND PIONEER MUSEUM,POINT (145.98141010032057 -36.55125518812802),3672
23222,cultural centre,library,HYPHEN - WODONGA LIBRARY GALLERY,POINT (146.88887980806894 -36.12415596978276),3690
23300,cultural centre,art gallery,AUSTRALIAN PRINT WORKSHOP GALLERY,POINT (144.98158121624164 -37.80648140562875),3065
23326,cultural centre,museum,NHILL AVIATION HERITAGE CENTRE,POINT (141.6477701003341 -36.30925613317821),3418
23394,cultural centre,library,GLENROY LIBRARY,POINT (144.92004412063096 -37.70748530031143),3046
23646,cultural centre,museum,COLERAINE LOCAL HISTORY CENTRE AND MUSEUM,POINT (141.69161652435767 -37.59811763753737),3315
23647,cultural centre,museum,FLAGSTAFF HILL MARITIME MUSEUM,POINT (142.48497431220673 -38.3894226861385),3280
23655,cultural centre,museum,DONALD AGRICULTURAL MUSEUM,POINT (142.98614419960847 -36.36526690430432),3480
23656,cultural centre,museum,WALHALLA MUSEUM,POINT (146.4512194462324 -37.9415720524468),3825
23658,cultural centre,museum,WARRAGUL AND DISTRICT HISTORICAL SOCIETY MUSEUM,POINT (145.9310650146265 -38.16388047566117),3820
23662,cultural centre,museum,PORT OF ECHUCA DISCOVERY CENTRE,POINT (144.7469161906536 -36.1197442910194),3564
23667,cultural centre,museum,LANCEFIELD COURT HOUSE MUSEUM,POINT (144.7362320319683 -37.27872082267475),3435
23675,cultural centre,museum,STEIGLITZ COURTHOUSE,POINT (144.17790707178773 -37.876594787393664),3331
23677,cultural centre,museum,OMEO HISTORICAL PARK AND MUSEUM,POINT (147.5923930842828 -37.10107118168993),3898
23718,cultural centre,museum,BURKE MUSEUM,POINT (146.68725089870208 -36.35809081403743),3747
23816,cultural centre,library,NEERIM SOUTH LIBRARY,POINT (145.95652097421396 -38.01690956259301),3831
23856,cultural centre,museum,MILDURA RAAF MUSEUM,POINT (142.0840245046796 -34.23207833399255),3500
24064,sport facility,swimming pool,SEYMOUR MEMORIAL SWIMMIMG POOL,POINT (145.12978867834744 -37.02462684591349),3660
24124,cultural centre,museum,GUM SAN CHINESE HERITAGE CENTRE,POINT (142.92503548102707 -37.27937864235985),3377
24347,cultural centre,art gallery,HORSHAM ART GALLERY,POINT (142.19830339406056 -36.716444495410414),3400
24353,cultural centre,art gallery,WYNDHAM ART GALLERY,POINT (144.65761752614281 -37.9037438962775),3030
24408,cultural centre,library,MONTROSE LIBRARY,POINT (145.34467721683785 -37.810486475768606),3765
24410,cultural centre,museum,SCHWERKOLT COTTAGE,POINT (145.2108167589668 -37.81112256445076),3132
24433,cultural centre,museum,HISTORICAL SOCIETY MUSEUM,POINT (144.7451741549536 -36.11958830790101),3564
24434,cultural centre,museum,WARF SHED MUSEUM,POINT (144.7470781485994 -36.12001531203206),3564
24476,cultural centre,museum,ANDREW ROSS MUSEUM,POINT (145.21535190637698 -37.69120885801957),3097
24489,cultural centre,museum,NATIMUK COURTHOUSE HISTORIC MUSEUM,POINT (141.9443760539642 -36.74006516324522),3409
24500,cultural centre,library,KATHLEEN SYME LIBRARY AND COMMUNITY CENTRE,POINT (144.9654264408875 -37.798729828475814),3053
24559,cultural centre,library,PAKENHAM LIBRARY,POINT (145.4833578118761 -38.07693287715524),3810
24632,cultural centre,library,GEELONG LIBRARY,POINT (144.3566659061081 -38.146932215762135),3220
24687,cultural centre,museum,WALHALLA POST OFFICE MUSEUM,POINT (146.45059155815312 -37.94315535740993),3825
24893,cultural centre,library,KYNETON LIBRARY,POINT (144.45237569942535 -37.24929209152471),3444
24896,cultural centre,museum,KYNETON MUSEUM,POINT (144.44878981955253 -37.24431249625603),3444
25019,sport facility,swimming pool,LAVERTON SWIM CENTRE,POINT (144.77623992740217 -37.85768979898145),3028
25027,cultural centre,art gallery,BRIAGOLONG ART GALLERY,POINT (147.07275933088138 -37.84411276588033),3860
25370,sport facility,swimming pool,AQUALINK NUNAWADING,POINT (145.1756248432133 -37.83707939517331),3131
25524,cultural centre,library,NORTH FITZROY LIBRARY,POINT (144.983827934338 -37.78360384264059),3068
25551,cultural centre,library,BEECHWORTH LIBRARY,POINT (146.68926880894045 -36.361853956213885),3747
25600,cultural centre,library,WANGARATTA LIBRARY,POINT (146.32005915884707 -36.35501035263174),3677
25601,cultural centre,museum,MERRIGUM DISTRICT HISTORICAL SOCIETY MUSEUM,POINT (145.1322149694282 -36.37155071491371),3618
25634,cultural centre,museum,SURF WORLD MUSEUM,POINT (144.31578882136282 -38.32639607916817),3228
25639,cultural centre,museum,DROMANA HISTORICAL SOCIETY MUSEUM,POINT (144.95793778940714 -38.3362959682745),3936
25935,sport facility,swimming pool,JEPARIT SWIMMING POOL,POINT (141.98385692665653 -36.140972645696245),3423
26171,cultural centre,library,TATURA LIBRARY,POINT (145.2240258699132 -36.44161652271479),3616
26180,cultural centre,museum,WORLD WAR TWO MEMORIAL LOOKOUT,POINT (141.60785308606623 -38.33365235038502),3305
26233,cultural centre,library,DONCASTER EAST LIBRARY,POINT (145.16777482182897 -37.76197602416367),3109
26234,cultural centre,museum,BOOLARRA MUSEUM,POINT (146.27199456631502 -38.38078831589376),3870
26561,cultural centre,library,GEELONG WEST LIBRARY,POINT (144.347982077261 -38.14104980815424),3218
26604,cultural centre,library,AVONDALE HEIGHTS LIBRARY AND LEARNING CENTRE,POINT (144.8630749642477 -37.765414835294074),3034
26614,cultural centre,museum,MURCHISON AND DISTRICT HISTORICAL SOCIETY,POINT (145.2166883725631 -36.61595187932354),3610
26665,cultural centre,museum,LOCKINGTON AND DISTRICT LIVING HERITAGE COMPLEX,POINT (144.5335366021531 -36.27098304770592),3563
26666,cultural centre,museum,OPPERMAN SPORTS MUSEUM,POINT (144.70137911327333 -36.361946478512785),3561
26681,sport facility,swimming pool,LANCEFIELD MEMORIAL SWIMMING POOL,POINT (144.72279380515374 -37.27971152577564),3435
26687,cultural centre,library,ALTONA NORTH LIBRARY,POINT (144.84694246943374 -37.8360220556361),3025
26826,cultural centre,library,NAGAMBIE LIBRARY,POINT (145.15507201307872 -36.78205084411895),3608
27250,sport facility,swimming pool,ST KILDA SEA BATHS,POINT (144.9718822305304 -37.865297642329715),3182
27254,cultural centre,library,MOOROOLBARK LIBRARY,POINT (145.31249505114903 -37.785804638367374),3138
27541,cultural centre,library,ROWVILLE LIBRARY,POINT (145.23715516738497 -37.91981949195329),3178
27567,cultural centre,library,WARRAGUL LIBRARY,POINT (145.92944301839927 -38.159665175517816),3820
27693,cultural centre,library,SYDENHAM LIBRARY,POINT (144.77418499866013 -37.70013546586626),3038
27789,cultural centre,library,AVOCA LIBRARY,POINT (143.47462612612745 -37.08881609373513),3467
27933,cultural centre,library,WHEELERS HILL LIBRARY,POINT (145.19059289088065 -37.90722785164476),3150
28127,cultural centre,library,ROBINVALE LEARNING AND COMMUNITY HUB,POINT (142.778653505456 -34.58814379044553),3549
28552,sport facility,swimming pool,BRUNSWICK CITY BATHS,POINT (144.9595768779264 -37.77085874990313),3056
29464,cultural centre,library,PRAHRAN BRAILLE LIBRARY,POINT (144.9875171969405 -37.84573668327831),3141
29708,sport facility,swimming pool,TATURA SWIMMING POOL,POINT (145.2322279892894 -36.44419002830036),3616
29732,sport facility,swimming pool,APOLLO BAY POOL,POINT (143.66048152442107 -38.752581006555296),3233
29733,sport facility,swimming pool,LAVERS HILL POOL,POINT (143.38216274703225 -38.681436955744374),3238
29734,sport facility,swimming pool,SWIFTS CREEK MEMORIAL SWIMMING POOL,POINT (147.72431921874244 -37.266847896211935),3896
29767,cultural centre,library,CASTLEMAINE LIBRARY,POINT (144.21759334037253 -37.06378143592516),3450
29770,sport facility,swimming pool,BALLAN SWIMMING POOL,POINT (144.22986335060793 -37.59761936105915),3342
29797,sport facility,swimming pool,TUNGAMAH SWIMMING POOL,POINT (145.87900412212466 -36.161208902207434),3728
29838,cultural centre,museum,YARRAM AND DISTRICT HISTORICAL SOCIETY MUSEUM,POINT (146.680160488589 -38.55277865138031),3971
29876,sport facility,swimming pool,AVOCA SWIMMING POOL,POINT (143.47622755063398 -37.09109320384898),3467
29884,sport facility,swimming pool,BERRIWILLOCK SWIMMING POOL,POINT (142.9955149283867 -35.63726289321764),3531
29885,sport facility,swimming pool,BIRCHIP SWIMMING POOL,POINT (142.91885756675413 -35.98123487882518),3483
29886,sport facility,swimming pool,BOORT SWIMMING POOL,POINT (143.7241061570136 -36.118430541235234),3537
29888,sport facility,swimming pool,CHARLTON SWIMMING POOL,POINT (143.35006334144728 -36.267111911840516),3525
29890,sport facility,swimming pool,COBRAM OUTDOOR POOL,POINT (145.65490325264992 -35.918705236591336),3644
29891,sport facility,swimming pool,COHUNA SWIMMING POOL,POINT (144.2212342353574 -35.80694870614319),3568
29894,sport facility,swimming pool,DROUIN AND DISTRICT WAR MEMORIAL POOL,POINT (145.85754022803323 -38.133220355165356),3818
29901,sport facility,swimming pool,IINDOOR SWIMMING POOL,POINT (145.4410204529475 -36.09870532564713),3636
29906,sport facility,swimming pool,MARNOO SWIMMING POOL,POINT (142.87015279739578 -36.67629584231709),3387
29917,sport facility,swimming pool,TALLAROOK SWIMMING POOL,POINT (145.10525804320994 -37.09238715765063),3659
29918,sport facility,swimming pool,TEMPY SWIMMING POOL,POINT (142.4260798787505 -35.345014625761856),3489
29954,cultural centre,library,KANIVA LIBRARY,POINT (141.24140637760317 -36.37838599477455),3419
29977,cultural centre,museum,ARHS NEWPORT RAILWAY MUSEUM,POINT (144.88668434834548 -37.856151319461425),3015
29982,cultural centre,art gallery,ART GALLERY OF BALLARAT,POINT (143.8582917336788 -37.560381627837735),3350
33318,cultural centre,art gallery,MAROONDAH FEDERATION ESTATE,POINT (145.23036808262046 -37.81979323886156),3134
33907,cultural centre,library,BELGRAVE PUBLIC LIBRARY,POINT (145.35277636648263 -37.90890881194596),3160
33908,cultural centre,art gallery,LIMERENCE,POINT (145.35317975628163 -37.91008262198146),3160
34298,cultural centre,library,CRAIGIEBURN LIBRARY,POINT (144.90963238806228 -37.59027538137246),3064
34624,sport facility,swimming pool,CLUNES SWIMMING POOL,POINT (143.7883290855479 -37.29236191272022),3370
34625,sport facility,swimming pool,TOORA HEATED SWIMMING POOL,POINT (146.3284156913772 -38.664603863801624),3962
34680,cultural centre,library,CLARINDA LIBRARY,POINT (145.102117893631 -37.94045984773634),3169
34681,cultural centre,library,ECHUCA LIBRARY,POINT (144.7488470129659 -36.123385712173025),3564
34942,cultural centre,library,GOROKE LIBRARY,POINT (141.47435620450034 -36.717800869322204),3412
35260,cultural centre,museum,COAL CREEK COMMUNITY PARK AND MUSEUM,POINT (145.8306057169906 -38.442045901128786),3950
35261,cultural centre,museum,SERVICETON HISTORIC RAILWAY STATION,POINT (140.9884356702469 -36.37549960351032),3420
35982,cultural centre,museum,BALLARAT TRAMWAY MUSEUM,POINT (143.82040357812465 -37.55152486936862),3350
36931,cultural centre,library,LAKES ENTRANCE LIBRARY,POINT (147.98574241297018 -37.88035006204502),3909
36932,cultural centre,library,RINGWOOD LIBRARY,POINT (145.22926673035255 -37.81488960675461),3134
37636,cultural centre,library,SALE LIBRARY,POINT (147.06352062360773 -38.11178834384363),3850
39330,cultural centre,museum,GIPPSLAND ARMED FORCES MUSEUM,POINT (146.96448958470495 -38.096122360148435),3851
39974,cultural centre,museum,VICTORIA PARK WATER TOWER MUSEUM,POINT (147.07122996180902 -38.10742319540954),3850
40400,cultural centre,museum,ALEXANDRA TIMBER TRAMWAY AND MUSEUM,POINT (145.71477907517976 -37.18478142399363),3714
40442,cultural centre,museum,MUSEUM OF AUSTRALIAN DEMOCRACY AT EUREKA,POINT (143.88378717881636 -37.56485674449337),3350
40443,cultural centre,library,SPRINGVALE LIBRARY,POINT (145.15229917309048 -37.95673025830089),3171
40456,cultural centre,museum,FORT QUEENSCLIFF MUSEUM,POINT (144.66082793505885 -38.271557819752246),3225
40473,cultural centre,library,DIAMOND VALLEY LIBRARY,POINT (145.1083972310198 -37.68958456661257),3088
40646,cultural centre,library,ELSTERNWICK LIBRARY,POINT (145.0046860697678 -37.884153800692054),3185
40647,cultural centre,library,HAMPTON LIBRARY,POINT (145.00271325616333 -37.9386432128939),3188
40648,cultural centre,library,NORTHCOTE LIBRARY,POINT (145.00083713088418 -37.7698472497198),3070
40649,cultural centre,library,NUMURKAH LIBRARY,POINT (145.44387904335636 -36.09052185679486),3636
40650,cultural centre,library,PRESTON LIBRARY,POINT (145.0059381212228 -37.74019948388516),3072
40651,cultural centre,library,RESERVOIR LIBRARY,POINT (145.00521213104403 -37.7153820736812),3073
40652,cultural centre,library,SANDRINGHAM LIBRARY,POINT (145.0029622079809 -37.94906861297538),3191
40783,sport facility,swimming pool,BEAUFORT SWIMMING POOL,POINT (143.38598259097702 -37.43234937337341),3373
40785,cultural centre,museum,B-24 LIBERATOR MUSEUM,POINT (144.6458373137368 -37.90806952851399),3030
41565,cultural centre,library,MARYBOROUGH LIBRARY,POINT (143.73792934935705 -37.04776141199732),3465
42541,cultural centre,library,BACCHUS MARSH LIBRARY,POINT (144.4413976667794 -37.676605406460936),3340
42567,cultural centre,library,WARRAGUL UNITING CHURCH LIBRARY,POINT (145.94370866947625 -38.154734917519335),3820
42582,cultural centre,museum,WIMMERA MALLEE PIONEER MUSEUM,POINT (141.99253108976703 -36.146304746215584),3423
42713,cultural centre,library,VICTORIAN MUSIC LIBRARY,POINT (145.0063412463202 -37.88561618181453),3185
42715,cultural centre,museum,JEWISH HOLOCAUST MUSEUM,POINT (145.0010667134763 -37.883433916439614),3185
42725,cultural centre,art gallery,HERRING ISLAND GALLERY,POINT (145.0033897616447 -37.83230637328211),3121
42729,cultural centre,museum,NATIONAL SPORTS MUSEUM,POINT (144.98241104573728 -37.8189935497631),3002
42731,cultural centre,library,LIBRARY AT THE DOCK,POINT (144.94054399689747 -37.820016951908094),3008
42815,cultural centre,museum,STATE COAL MINE MUSEUM,POINT (145.5973287393913 -38.62363788557158),3995
42903,cultural centre,art gallery,ABBOTSFORD CONVENT,POINT (145.00452790664195 -37.80296279617816),3067
42943,sport facility,swimming pool,HIDDEN VALLEY SWIMMING POOL,POINT (144.99411378461318 -37.394621416919016),3756
43409,cultural centre,library,LEOPOLD LIBRARY,POINT (144.4643202289715 -38.18594819911665),3224
43616,cultural centre,art gallery,WONTHAGGI ART SPACE,POINT (145.59364965034908 -38.60367097418877),3995
