,rank,School,Location,MedianVCE Score,VCE40+%,name,postcode,lat,lon
0,1,Haileybury Girls College,Keysborough,37,37.2,"Haileybury, Keysborough",3173,-37.9934198,145.1443898
1,2,Bialik College,Hawthorn East,37,32.6,Bialik College,3122,-37.8423555,145.0426599
2,3,Ballarat Clarendon College,Ballarat,37,32.5,Ballarat Clarendon College,3350,-37.5596968,143.8337501
3,4,St Catherines School,Toorak,37,32.2,St Catherine's School,3142,-37.836654,145.021553
4,5,Huntingtower School,Mount Waverley,37,31.6,Huntingtower School,3149,-37.8762872,145.1364409
5,6,Macrobertson Girls High School,Melbourne,37,31.4,The Mac.Robertson Girls' High School,3004,-37.8368178,144.9718377
6,7,Leibler Yavneh College,Elsternwick,37,29.4,Leibler Yavneh College.,3185,-37.892907,145.0068727
7,8,Lauriston Girls School,Armadale,36,33.7,Lauriston Girls' School,3143,-37.8522144,145.0256614
8,9,Mount Scopus Memorial College,Burwood,36,31.9,Mount Scopus Memorial College - Gandel Campus,3125,-37.8481962,145.1177928
9,10,Presbyterian Ladies College,Burwood,36,30.4,Presbyterian Ladies' College Melbourne,3125,-37.8485125,145.1071608
10,11,Melbourne High School,South Yarra,36,30.2,Melbourne High School,3141,-37.8354016,144.9957271
11,12,Methodist Ladies College,Kew,36,29.7,Methodist Ladies' College (MLC),3101,-37.8137016,145.0387396
12,13,Fintona Girls School,Balwyn,36,27.8,Fintona Girls' School,3103,-37.8148067,145.0801005
13,14,Korowa Anglican Girls School,Glen Iris,36,27.2,Korowa Anglican Girls' School,3146,-37.8609969,145.0540044
14,15,Ruyton Girls School,Kew,36,27.1,Ruyton Girls' School,3101,-37.8112152,145.0390684
15,16,Nossal High School,Berwick,36,26.9,Nossal High School,3806,-38.0390414,145.3359538
16,17,The King David School,Armadale,36,26.8,The King David School,3143,-37.8599645,145.0145333
17,18,Haileybury College,Keysborough,35,29.2,"Haileybury, West Melbourne",3003,-37.8112139,144.9530215
18,19,Ivanhoe Girls Grammar School,Ivanhoe,35,25.5,Ivanhoe Girls’ Grammar School,3079,-37.76657489999999,145.0473459
19,20,Victorian College for the Deaf,Melbourne,35,25,Victorian College for the Deaf,3004,-37.8495134,144.9821229
20,21,Loreto Mandeville Hall,Toorak,35,24.7,Loreto Mandeville Hall Toorak,3142,-37.8486069,145.0149135
21,22,Melbourne Grammar School,Melbourne,35,24.5,Melbourne Grammar School,3004,-37.8340741,144.9749422
22,23,Camberwell Girls Grammar School,Canterbury,35,24.1,Camberwell Girls Grammar School,3126,-37.8188719,145.0600376
23,24,Shelford Girls Grammar,Caulfield,35,23,Shelford Girls' Grammar,3161,-37.8773787,145.0115273
24,25,St Kevins College,Toorak,35,22,St Kevin's College,3142,-37.8355326,145.0251577
25,26,Strathcona Baptist Girls Grammar School,Canterbury,35,20.5,Strathcona Girls Grammar School,3126,-37.8299494,145.0801531
26,27,Lowther Hall Anglican Grammar School,Essendon,35,19.9,Lowther Hall Anglican Grammar School,3040,-37.7595893,144.9144323
27,28,John Monash Science School,Clayton,35,18.7,John Monash Science School,3800,-37.9140121,145.1291088
28,29,Sacre Coeur,Glen Iris,35,18.6,Sacre Coeur,3146,-37.8618066,145.0528028
29,30,Yeshivah College,St Kilda East,35,14.3,Yeshivah College,3183,-37.8679959,144.9999568
30,31,Alice Miller School Macedon,Macedon,35,14.2,Alice Miller School,3440,-37.44691419999999,144.5316158
31,32,Trinity Grammar School,Kew,34,21.7,"Trinity Grammar School, Kew",3101,-37.8106864,145.0345437
32,33,Beth Rivkah Ladies College,St Kilda East,34,20.9,Beth Rivkah Ladies College,3183,-37.86948659999999,145.0009069
33,34,Scotch College,Hawthorn,34,20.9,Scotch College,3122,-37.834218,145.0291482
34,35,Mentone Grammar School,Mentone,34,19.9,Mentone Grammar School,3194,-37.9878197,145.0674816
35,36,Caulfield Grammar School Wheelers Hill,Wheelers Hill,34,19.6,Caulfield Grammar School | Wheelers Hill Campus,3150,-37.8999507,145.1926398
36,37,Mentone Girls Grammar School,Mentone,34,19.5,Mentone Girls' Grammar,3194,-37.989932,145.0644227
37,38,Caulfield Grammar School Caulfield,St Kilda East,34,19.4,Caulfield Grammar School,3183,-37.8760733,145.004423
38,39,Penleigh and Essendon Grammar School,Keilor East,34,19,Penleigh and Essendon Grammar School,3033,-37.7325209,144.871364
39,40,Yarra Valley Grammar School,Ringwood,34,18.9,Yarra Valley Grammar,3134,-37.7855627,145.2555826
40,41,Melbourne Girls Grammar,South Yarra,34,18.4,Melbourne Girls Grammar,3141,-37.8309032,144.9850293
41,42,Genazzano F.C.J. College,Kew,34,18.2,Genazzano FCJ College,3101,-37.8087291,145.0560149
42,43,Firbank Grammar School,Brighton,34,18.1,Firbank Grammar School,3186,-37.90643439999999,144.9970066
43,44,St Margarets School,Berwick,34,17.8,Saint Margaret's Primary School,3032,-37.7666931,144.8916952
44,45,Brighton Grammar School,Brighton,34,17.7,Brighton Grammar School,3186,-37.9106465,144.994111
45,46,Goulburn Valley Grammar School,Shepparton,34,17.4,Goulburn Valley Grammar School,3630,-36.3269348,145.4142878
46,47,Carey Baptist Grammar School,Kew,34,17.2,Carey Baptist Grammar School,3101,-37.8157856,145.047446
47,48,Suzanne Cory High School,Werribee,34,17.2,Suzanne Cory High School,3030,-37.89356710000001,144.700048
48,49,Siena College,Camberwell,34,16.8,Siena College,3124,-37.8335031,145.0822093
49,50,St Leonards College,Brighton East,34,16.8,St Leonard's College,3187,-37.9285251,145.0074395
50,51,Kilvington Grammar School,Ormond,34,14.5,Kilvington Grammar School,3204,-37.8998538,145.0407806
51,52,Toorak College,Mount Eliza,34,14.3,Toorak College,3930,-38.1727825,145.0930553
52,53,St Michaels Grammar School,St Kilda,34,13.8,St Michael's Grammar School,3182,-37.8595118,144.9916686
53,54,Girton Grammar School,Bendigo,33,18.2,Girton Grammar School,3550,-36.7614939,144.2706444
54,55,Star of the Sea College,Brighton,33,17.6,Star of the Sea College,3186,-37.8968212,144.9979725
55,56,Camberwell Grammar School,Canterbury,33,17.1,Camberwell Grammar School,3126,-37.8163635,145.0665663
56,57,East Doncaster Secondary College,Doncaster East,33,16.7,East Doncaster Secondary College,3109,-37.7823252,145.158972
57,58,The Knox School,Wantirna South,33,16.1,The Knox School,3152,-37.8659258,145.2194746
58,59,Melbourne Girls College,Richmond,33,16,Melbourne Girls' College,3121,-37.8221228,145.0146134
59,60,The Geelong College,Newtown,33,15.6,The Geelong College - Senior School.,3220,-38.1525124,144.3399395
60,61,Victorian College of the Arts Secondary School,Southbank,33,15.4,Victorian College of the Arts Secondary School (VCASS),3006,-37.82823279999999,144.9649154
61,62,Waverley Christian College,Wantirna South,33,14.8,Waverley Christian College- Wantirna South Campus,3152,-37.88043770000001,145.2146655
62,63,Peninsula Grammar,Mount Eliza,33,14.7,Peninsula Grammar,3930,-38.1978164,145.0923449
63,64,Canterbury Girls Secondary College,Canterbury,33,13.7,Canterbury Girls' Secondary College,3126,-37.820157,145.069099
64,65,Westbourne Grammar School,Truganina,33,13.4,Westbourne Grammar School,3029,-37.850351,144.726175
65,66,Xavier College,Kew,33,13.1,Xavier College,3101,-37.8124081,145.0316451
66,67,St Andrews Christian College,Wantirna South,33,12.3,St Andrews Christian College,3152,-37.8739516,145.2442976
67,68,Ivanhoe Grammar School Plenty,Doreen,33,12,Ivanhoe Grammar School - Plenty Campus,3754,-37.60581,145.1148807
68,69,Ashwood High School,Ashwood,33,10.8,Ashwood High School,3147,-37.864535,145.1036909
69,70,East Loddon P-12 College,Dingee,33,9.5,East Loddon P-12 College,3571,-36.3720245,144.1414794
70,71,Wycheproof P-12 College,Wycheproof,33,9.1,Wycheproof P-12 College,3527,-36.0754844,143.2292055
71,72,Apollo Bay P-12 College,Apollo Bay,33,5.4,Apollo Bay P12 College,3233,-38.7536414,143.6612453
72,73,Mernda Central P-12 College,Mernda,33,5.3,Mernda Central College,3754,-37.604055,145.0882109
73,74,Balwyn High School,Balwyn North,32,16.9,Balwyn High School,3104,-37.7976069,145.0759161
74,75,Melbourne Rudolf Steiner School,Warranwood,32,13.8,Melbourne Rudolf Steiner School,3134,-37.7773037,145.249026
75,76,Ballarat Grammar School,Wendouree,32,13.3,Ballarat Grammar,3355,-37.5380803,143.830443
76,77,Box Hill High School,Box Hill,32,13.1,Box Hill High School,3128,-37.8205681,145.1374574
77,78,Sacred Heart College Geelong,Newtown,32,12.8,"Sacred Heart College, Geelong.",3220,-38.1500282,144.337705
78,79,Mater Christi College,Belgrave,32,12.7,Mater Christi College,3160,-37.9103851,145.3586273
79,80,St Columbas College,Essendon,32,12.7,St Columba's College,3040,-37.7569942,144.9148795
80,81,McKinnon Secondary College,McKinnon,32,12.6,McKinnon Secondary College Main Campus,3204,-37.9120751,145.0486222
81,82,Glen Waverley Secondary College,Glen Waverley,32,12.5,Glen Waverley Secondary College,3150,-37.8779381,145.1619592
82,83,Kardinia International College,Bell Post Hill,32,11.9,Kardinia International College,3215,-38.1095616,144.3273025
83,84,Kingswood College,Box Hill,32,11.5,Kingswood College,3128,-37.83251569999999,145.1190951
84,85,Braemar College,Woodend,32,11.4,Braemar College Mt Macedon Campus,3442,-37.36345,144.5765463
85,86,Oneschool Global Vic,Epping,32,11.2,OneSchool Global Melton Campus,3337,-37.6863228,144.542459
86,87,Mazenod College,Mulgrave,32,11,"Mazenod College, Victoria",3170,-37.9152786,145.1653466
87,88,Santa Maria College,Northcote,32,10.8,Santa Maria College,3070,-37.770281,145.0018395
88,89,St Aloysius College,North Melbourne,32,10.8,St Aloysius College,3051,-37.7926185,144.9427161
89,90,Geelong Grammar School,Corio,32,10.6,Geelong Grammar School,3142,-37.8400782,145.0095812
90,91,Ivanhoe Grammar School Ridgeway,Ivanhoe,32,10.3,Ivanhoe Grammar School,3079,-37.7752772,145.043811
91,92,Williamstown High School,Williamstown,32,10,Williamstown High School,3016,-37.8626388,144.8949656
92,93,Our Lady of Mercy College,Heidelberg,32,9.8,Our Lady of Mercy College,3084,-37.7575471,145.0670395
93,94,Wesley College St Kilda Rd,Melbourne,32,9.6,Wesley College,3004,-37.8489162,144.9825179
94,95,Luther College,Croydon Hills,32,9.5,Luther College,3136,-37.7816355,145.2714197
95,96,Cranbourne East Secondary College,Cranbourne East,32,9.4,Cranbourne East Secondary College,3977,-38.104697,145.3059811
96,97,Donvale Christian College,Donvale,32,9.4,Donvale Christian College,3111,-37.7738872,145.1943066
97,98,Our Lady of Sion College,Box Hill,32,9.3,Our Lady of Sion College,3128,-37.818128,145.1300157
98,99,Oxley Christian College,Chirnside Park,32,9.2,Oxley Christian College,3116,-37.763115,145.305647
99,100,Koonung Secondary College,Mont Albert North,32,9.1,Koonung Secondary College,3129,-37.8021106,145.1166432
100,101,Eltham College of Education,Research,32,8.9,Eltham College,3095,-37.70021,145.1928737
101,102,Sacred Heart Girls College,Hughesdale,32,8.8,Sacred Heart Girls' College,3166,-37.9016347,145.0858683
102,103,Princes Hill Secondary College,Princes Hill,32,8.5,Princes Hill Secondary College,3054,-37.7832342,144.9651131
103,104,Balcombe Grammar School,Mount Martha,32,8.4,Balcombe Grammar School,3934,-38.2745355,145.0318488
104,105,Woodleigh School,Langwarrin South,32,8.2,Woodleigh School Senior Campus,3911,-38.1924909,145.1749306
105,106,Avila College,Mount Waverley,32,7.2,Avila College,3149,-37.8747896,145.1333155
106,107,Maranatha Christian School,Endeavour Hills,32,6.8,Maranatha Christian School,3177,-37.9865764,145.2371635
107,108,Narre Warren South P-12 College,Narre Warren South,32,6.1,Narre Warren South P-12 College,3805,-38.0497453,145.2866532
108,109,Little Yarra Steiner School,Yarra Junction,32,5.6,Little Yarra Steiner School,3797,-37.7936098,145.6299592
109,110,Mortlake College,Mortlake,32,5.1,Mortlake College P-12,3272,-38.0864429,142.8111985
110,111,Derrinallum P-12 College,Derrinallum,32,0,Derrinallum College,3325,-37.9397982,143.2156504
111,112,Boort District P-12 School,Boort,31,15.6,Boort District School,3537,-36.1105128,143.7272522
112,113,University High School,Parkville,31,13.3,The University High School,3052,-37.797466,144.956067
113,114,Lighthouse Christian College Cranbourne,Cranbourne,31,12.4,Lighthouse Christian College Cranbourne,3977,-38.1391067,145.307312
114,115,Braybrook College,Braybrook,31,12.3,Braybrook College,3019,-37.7781487,144.8484599
115,116,Haileybury Rendall School,"Berrimah, NT",31,12,"Haileybury Rendall School, Darwin",Not Found,-12.4430359,130.9229689
116,117,Loreto College,Ballarat,31,10.9,Loreto Mandeville Hall Toorak,3142,-37.8486069,145.0149135
117,118,Auburn High School,Hawthorn East,31,10.6,Auburn High School,3122,-37.8404794,145.0453522
118,119,De La Salle College,Malvern,31,10.3,"De La Salle College, Malvern, Tiverton Campus",3144,-37.8572756,145.03239
119,120,Northcote High School,Northcote,31,10.3,Northcote High School,3070,-37.7741646,144.9895388
120,121,Corryong College,Corryong,31,10,Corryong College,3707,-36.193183,147.911692
121,122,Frankston High School,Frankston,31,10,Frankston High School,3199,-38.1622168,145.1301417
122,123,Kilbreda College,Mentone,31,9.9,Kilbreda College Mentone,3194,-37.983895,145.0654087
123,124,Vermont Secondary College,Vermont,31,9.8,Vermont Secondary College,3133,-37.8436434,145.20079
124,125,Newhaven College,Rhyll,31,9.6,Newhaven College,3923,-38.4885978,145.2701416
125,126,Southern Cross Grammar,Caroline Springs,31,9.6,Southern Cross Grammar,3023,-37.7135439,144.7389718
126,127,Dromana Secondary College,Dromana,31,9.5,Dromana Secondary College,3936,-38.3428227,145.0114476
127,128,Foster Secondary College,Foster,31,9.5,Foster Secondary College,3960,-38.6522315,146.1976684
128,129,St Josephs College Ferntree Gully,Ferntree Gully,31,9.2,St Joseph's College,3156,-37.8908953,145.2952099
129,130,Whitefriars College,Donvale,31,9.2,Whitefriars College,3111,-37.7910848,145.2002091
130,131,Bacchus Marsh Grammar,Bacchus Marsh,31,9.1,Bacchus Marsh Grammar - Woodlea Campus,3335,-37.7255828,144.6662682
131,132,Nunawading Christian College,Nunawading,31,9.1,Nunawading Christian College,3131,-37.8226789,145.1687489
132,133,Salesian College Chadstone,Chadstone,31,8.5,Salesian College Chadstone - Boys Secondary School,3148,-37.8836558,145.1005383
133,134,Casey Grammar School,Cranbourne East,31,8.3,Casey Grammar School,3977,-38.1099986,145.2931404
134,135,Our Lady of Sacred Heart College,Bentleigh,31,8.3,OLSH College Bentleigh,3204,-37.9248743,145.039994
135,136,St Josephs College Geelong,Newtown,31,8.3,St Joseph's College Geelong.,3220,-38.1510881,144.3312795
136,137,St Pauls Anglican Grammar School,Warragul,31,8.3,St Paul's Anglican Grammar School,3820,-38.147536,145.9304883
137,138,Sirius College Meadow Fair Campus,Broadmeadows,31,8,Sirius College - Meadow Fair Campus (Years 7-12 Boys),3047,-37.67134,144.9221632
138,139,Altona College,Altona,31,7.7,Altona College,3018,-37.8618272,144.8186135
139,140,Catholic Ladies College,Eltham,31,7.7,Catholic Ladies' College,3095,-37.710602,145.143926
140,141,Gippsland Grammar,Sale,31,7.6,Gippsland Grammar Garnsey Campus,3850,-38.0941369,147.065023
141,142,Aquinas College,Ringwood,31,7.5,"Aquinas College, Ringwood",3134,-37.8230477,145.2357981
142,143,Saint Ignatius College,Drysdale,31,6.9,Saint Ignatius College Geelong,3222,-38.18929079999999,144.5581725
143,144,Wesley College Glen Waverley,Glen Waverley,31,6.9,Wesley College Glen Waverley Campus,3150,-37.8751098,145.1549006
144,145,Darul Ulum College of Victoria,Fawkner,31,6.8,Darul Ulum College of Victoria,3060,-37.7050384,144.9724314
145,146,Mount St Joseph Girls College,Altona,31,6.5,Mount St. Joseph Girls’ College.,3018,-37.8643512,144.8123064
146,147,Kambrya College,Berwick,31,6.4,Kambrya College,3806,-38.0544234,145.3462798
147,148,Dimboola Memorial Secondary College,Dimboola,31,6.3,Dimboola Memorial Secondary College,3414,-36.4496481,142.0343596
148,149,Islamic College of Melbourne,Tarneit,31,5.9,Islamic College Of Melbourne,3029,-37.85464020000001,144.6603505
149,150,Sirius College Broadmeadows Campus,Broadmeadows,31,5.9,Sirius College - Eastmeadows Campus (Years 7-12 Girls),3047,-37.6844398,144.9348308
150,151,Ave Maria College,Aberfeldie,31,5.8,Ave Maria College,3040,-37.7566013,144.8980039
151,152,Hillcrest Christian College,Clyde North,31,5.8,Hillcrest Christian College,3978,-38.0846208,145.3637553
152,153,Billanook College,Mooroolbark,31,5.4,Billanook College,3138,-37.7902243,145.3392167
153,154,Glen Eira College,Caulfield East,31,5.2,Glen Eira College,3145,-37.8852032,145.0378678
154,155,Alphington Grammar School,Alphington,31,5,Alphington Grammar School,3078,-37.7803056,145.0362033
155,156,Mount Hira College,Keysborough,31,5,Mount Hira College,3173,-38.0142646,145.1755105
156,157,The Hamilton and Alexandra College,Hamilton,31,3.7,Hamilton and Alexandra College,3300,-37.7366409,142.0238037
157,158,Yesodei Hatorah College Billilla Campus,Brighton,31,3.1,Yesodei HaTorah College,3186,-37.9178867,145.0010521
158,159,Mallacoota P-12 College,Mallacoota,31,2.6,Mallacoota P-12 College,3892,-37.5597082,149.7535343
159,160,Cobden Technical School,Cobden,31,0,Cobden Technical School,3266,-38.3239936,143.065729
160,161,Sherbrooke Community School,Sassafras,30,20,Sherbrooke Community School,3787,-37.8676966,145.3494306
161,162,Holy Trinity Lutheran College,Horsham,30,19.3,Holy Trinity Lutheran College,3400,-36.7084079,142.2174976
162,163,Hopetoun P-12 College,Hopetoun,30,13.3,Hopetoun P-12 College,3396,-35.7352773,142.3665008
163,164,Victory Lutheran College,Wodonga,30,11.3,Victory Lutheran College,3690,-36.1166378,146.8464056
164,165,Covenant College,Bell Post Hill,30,9.6,Covenant College,3215,-38.0970838,144.3179842
165,166,Kerang Technical High School,Kerang,30,9.3,Kerang Technical High School,3579,-35.7254888,143.9142584
166,167,Brunswick Secondary College,Brunswick,30,9.2,Brunswick Secondary College,3056,-37.7709868,144.9552832
167,168,Albert Park College,Albert Park,30,9,Albert Park College,3206,-37.8447712,144.9477312
168,169,Berwick Grammar School,Officer,30,8.9,St Margaret’s Berwick Grammar,3806,-38.0356891,145.347195
169,170,Marcellin College,Bulleen,30,8.5,"Marcellin College, Bulleen",3105,-37.7752302,145.0817426
170,171,Heritage College Officer,Officer,30,8.3,Heritage College,3809,-38.0546016,145.4178985
171,172,Kew High School,Kew East,30,8.3,Kew High School,3102,-37.795756,145.063284
172,173,Mount Waverley Secondary College,Mount Waverley,30,8.3,Mount Waverley Secondary College Junior Campus,3149,-37.8654001,145.1306138
173,174,St Albans Secondary College,St Albans,30,8.2,St Albans Secondary College,3021,-37.7466024,144.8077308
174,175,Donald High School,Donald,30,7.7,Donald High School,3480,-36.3711069,142.9743296
175,176,Emmaus College,Vermont South,30,7.7,Emmaus College,3133,-37.847858,145.1737503
176,177,Camberwell High School,Canterbury,30,7.6,Camberwell High School,3126,-37.8301509,145.0727241
177,178,Parkdale Secondary College,Mordialloc,30,7.5,Parkdale Secondary College,3195,-37.9906229,145.0956798
178,179,Simonds Catholic College,Fitzroy North,30,7.3,Simonds Catholic College,3003,-37.8057948,144.9524152
179,180,Belgrave Heights Christian School,Belgrave Heights,30,7.2,Belgrave Heights Christian School,3160,-37.9190864,145.3458862
180,181,Strathmore Secondary College,Strathmore,30,7.2,Strathmore Secondary College,3041,-37.7393407,144.9284432
181,182,Tintern Grammar,Ringwood East,30,7.2,Tintern Grammar (admin entrance only),3135,-37.8159345,145.2566444
182,183,Mentone Girls Secondary College,Mentone,30,7.1,Mentone Girls' Secondary College,3194,-37.9810982,145.0529938
183,184,Ringwood Secondary College,Ringwood,30,7,Ringwood Secondary College,3134,-37.8168092,145.2398053
184,185,Lighthouse Christian College,Keysborough,30,6.6,Lighthouse Christian College,3173,-38.0005571,145.1433955
185,186,Templestowe College,Templestowe Lower,30,6.6,Templestowe College,3107,-37.767372,145.1233584
186,187,Academy of Mary Immaculate,Fitzroy,30,6.5,Academy of Mary Immaculate,3065,-37.8036596,144.9742266
187,188,Mount Eliza Secondary College,Mount Eliza,30,6.5,Mount Eliza Secondary College,3930,-38.1900401,145.0930456
188,189,Northside Christian College,Bundoora,30,6.5,Northside Christian College,3083,-37.6947786,145.0547063
189,190,Parade College,Bundoora,30,6.5,Parade College,3083,-37.69119209999999,145.0685775
190,191,St Bedes College,Mentone,30,6.4,St Bede's College,3165,-37.9267539,145.0714569
191,192,Highvale Secondary College,Glen Waverley,30,6.3,Highvale Secondary College,3150,-37.8664419,145.1755977
192,193,Swifts Creek P-12 School,Swifts Creek,30,6.3,Swifts Creek P-12 School,3896,-37.26647120000001,147.724067
193,194,Geelong Lutheran College,Armstrong Creek,30,6.2,Geelong Lutheran College,3217,-38.2304637,144.3382025
194,195,Bayside Christian College,Langwarrin South,30,6,Bayside Christian College,3911,-38.17851,145.1624609
195,196,Killester College,Springvale,30,6,Killester College,3171,-37.9586307,145.1513299
196,197,Christian College Geelong Waurun Ponds,Waurn Ponds,30,5.9,Christian College Geelong Senior School - Waurn Ponds,3216,-38.1894292,144.3036599
197,198,Sandringham College,Sandringham,30,5.9,Sandringham College 10 - 12 Campus,3191,-37.9569633,145.02463
198,199,Beaconhills College Pakenham,Pakenham,30,5.7,Beaconhills College - Pakenham Campus,3810,-38.0619032,145.4665183
199,200,Nazareth College,Noble Park North,30,5.6,Nazareth College,3174,-37.9408701,145.1962728
200,201,Cheltenham Secondary College,Cheltenham,30,5.5,Cheltenham Secondary College,3192,-37.9530843,145.0679312
201,202,Hume Anglican Grammar,Mickleham,30,5.3,Hume Anglican Grammar,3064,-37.5668459,144.9305396
202,203,St Bernards College,Essendon,30,5.3,St Bernard's College,3040,-37.7498817,144.8831634
203,204,Loyola College,Watsonia,30,5.1,Loyola,3087,-37.7040885,145.0788017
204,205,Bayside College Paisley Campus,Newport,30,5,Bayside P-12 College - Paisley Campus,3015,-37.844213,144.8625802
205,206,Al Siraat College,Epping,30,4.6,Al Siraat College,3076,-37.624417,145.0375382
206,207,Cathedral College,Wangaratta,30,4.4,Cathedral College Wangaratta,3677,-36.386975,146.3287712
207,208,Holmes Grammar School,Melbourne,30,4.4,Holmes Institute Melbourne,3000,-37.8102431,144.9723464
208,209,MacKillop Catholic Regional College,Werribee,30,4.3,MacKillop College,3030,-37.9121011,144.6656648
209,210,Horsham College,Horsham,30,4.1,Horsham College,3400,-36.71131099999999,142.183983
210,211,Marymede Catholic College,South Morang,30,4.1,Marymede Catholic College,3752,-37.6424214,145.0908131
211,212,Overnewton Anglican College,Keilor,30,4.1,Overnewton Anglican Community College,3036,-37.7063198,144.8216651
212,213,Mount Lilydale Mercy College,Lilydale,30,4,Mount Lilydale Mercy College,3140,-37.7505798,145.3583484
213,214,Viewbank College,Viewbank,30,3.9,Viewbank College,3084,-37.7411008,145.0869009
214,215,Sacred Heart College Kyneton,Kyneton,30,3.7,"Sacred Heart College, Kyneton",3444,-37.2518733,144.4580825
215,216,Cornish College,Bangholme,30,3.2,Cornish College,3175,-38.0491523,145.1489257
216,217,Tyrrell College,Sea Lake,30,3.1,Tyrrell College,3533,-35.5092096,142.8533409
217,218,Oberon High School,Armstrong Creek,30,3,Oberon High School,3217,-38.2306117,144.3643883
218,219,Kings College,Warrnambool,30,2.9,King's Leadership College,3074,-37.6878701,145.0258258
219,220,F.C.J. College,Benalla,30,2.7,Genazzano FCJ College,3101,-37.8087291,145.0560149
220,221,Sunbury Downs Secondary College,Sunbury,30,2.7,Sunbury Downs College,3429,-37.5842462,144.70583
221,222,Birchip P-12 School,Birchip,30,2.4,Birchip P-12 School,3483,-35.9840937,142.9099655
222,223,Bannockburn P-12 College,Bannockburn,30,0,Bannockburn P-12 College,3331,-38.0410575,144.161974
223,224,TAFE Gippsland,Morwell,30,0,TAFE Gippsland - Warragul Campus,3820,-38.1644231,145.9329864
224,225,Kaniva P-12 College,Kaniva,29,12.9,Kaniva College,3419,-36.3829638,141.2441049
225,226,Casterton Secondary College,Casterton,29,10.5,Casterton Secondary College,3311,-37.588775,141.3876712
226,227,Beechworth Secondary College,Beechworth,29,9.1,Beechworth Secondary College,3747,-36.3473384,146.6905982
227,228,Mullauna College,Mitcham,29,7.9,Mullauna College,3132,-37.8079017,145.190629
228,229,Brighton Secondary College,Brighton East,29,7.6,Brighton Secondary College,3187,-37.9200979,145.0186681
229,230,Mansfield Secondary College,Mansfield,29,7.1,Mansfield Secondary College,3722,-37.0633449,146.0894753
230,231,Daylesford Secondary College,Daylesford,29,6.7,Daylesford Secondary College,3460,-37.3351395,144.1516134
231,232,Elwood College,Elwood,29,6.7,Elwood College,3184,-37.8822042,144.9851369
232,233,Berwick Secondary College,Berwick,29,6.4,Berwick College,3806,-38.0309914,145.3645756
233,234,Buckley Park College,Essendon,29,6.3,Buckley Park College,3040,-37.7470841,144.8976873
234,235,Thornbury High School,Thornbury,29,6.3,Thornbury High School,3071,-37.7566689,145.0250002
235,236,Coburg Senior High School,Coburg,29,6.1,Coburg High School,3058,-37.73900860000001,144.9748614
236,237,Padua College,Mornington,29,6.1,Padua College,3931,-38.21812449999999,145.0702598
237,238,Clonard College,Herne Hill,29,5.9,Clonard College,3218,-38.1300849,144.3306484
238,239,Beaconhills College Berwick,Berwick,29,5.8,Beaconhills College - Berwick Campus,3806,-38.0485711,145.3560561
239,240,Brentwood Secondary College,Glen Waverley,29,5.7,Brentwood Secondary College,3150,-37.8989726,145.1670996
240,241,Rosehill Secondary College,Niddrie,29,5.4,Rosehill Secondary College,3042,-37.7468764,144.8859487
241,242,Doncaster Secondary College,Doncaster,29,5.3,Doncaster Secondary College,3108,-37.7844214,145.137233
242,243,Mercy College,Coburg,29,5.2,Mercy College,3058,-37.7310775,144.964626
243,244,Blackburn High School,Blackburn,29,5.1,Blackburn High School,3130,-37.8106239,145.1506421
244,245,Flinders Christian Community College Tyabb,Tyabb,29,5,Flinders Christian Community College - Tyabb Campus,3913,-38.26193,145.16866
245,246,Gilson College Taylors Hill,Taylors Hill,29,5,Gilson College - Taylors Hill,3037,-37.7245963,144.7628526
246,247,Maribyrnong Secondary College,Maribyrnong,29,4.9,Maribyrnong College,3032,-37.7795003,144.8882209
247,248,Marist Sion College,Warragul,29,4.9,Marist-Sion College,3820,-38.1597805,145.9140385
248,249,Mary MacKillop Catholic College,Leongatha,29,4.9,MacKillop College,3030,-37.9121011,144.6656648
249,250,Werribee Secondary College,Werribee,29,4.9,Werribee Secondary College,3030,-37.9057374,144.6692329
250,251,Emerald Secondary College,Emerald,29,4.8,Emerald Secondary College,3782,-37.9238413,145.4591345
251,252,Emmanuel College Warrnambool,Warrnambool,29,4.7,Emmanuel College,3280,-38.3718795,142.4769951
252,253,Footscray High School,Footscray,29,4.6,Footscray High School - Barkly Campus,3011,-37.7990326,144.8949235
253,254,Heatherton Christian College,Clarinda,29,4.6,Heatherton Christian College,3169,-37.9577859,145.1115731
254,255,Chairo Christian School Drouin,Drouin,29,4.5,Chairo Christian School – Drouin Campus,3818,-38.1431319,145.8781922
255,256,Flinders Christian Community College Carrum Downs,Carrum Downs,29,4.5,Flinders Christian Community College - Carrum Downs Campus,3201,-38.1164223,145.1811812
256,257,Sacred Heart College Yarrawonga,Yarrawonga,29,4.5,Sacred Heart College,3730,-36.0093244,146.0092206
257,258,St Monicas College,Epping,29,4.5,St Monica's College,3076,-37.65091719999999,145.0299811
258,259,Oakleigh Grammar,Oakleigh,29,4.4,Oakleigh Grammar: Melbourne Private School,3166,-37.89621,145.0826254
259,260,Montmorency Secondary College,Montmorency,29,4.3,Montmorency Secondary College,3094,-37.7140878,145.1148794
260,261,St Francis Xavier College,Beaconsfield,29,4.3,"St Francis Xavier College, Beaconsfield",3807,-38.0530002,145.3737313
261,262,Heathdale Christian College,Werribee,29,4,Heathdale Christian College,3030,-37.8799904,144.680954
262,263,John Paul College,Frankston,29,4,John Paul College,3199,-38.1346848,145.1394368
263,264,Sirius College Dandenong Campus,Keysborough,29,4,Sirius College - Keysborough Campus ( Prep - Year 12),3173,-38.0046813,145.1609715
264,265,Fitzroy High School,Fitzroy North,29,3.7,Fitzroy High School,3068,-37.784853,144.987621
265,266,Eltham High School,Eltham,29,3.6,Eltham High School,3095,-37.7251264,145.1411595
266,267,McClelland Secondary College,Frankston,29,3.6,McClelland College,3199,-38.145465,145.157944
267,268,St Marys College Melbourne,St Kilda East,29,3.6,St Mary’s College,3052,-37.7962325,144.9641679
268,269,Alkira Secondary College,Cranbourne North,29,3.5,Alkira Secondary College,3977,-38.0735816,145.3078155
269,270,St Helena Secondary College,Eltham North,29,3.5,St Helena Secondary College,3095,-37.6870651,145.1396268
270,271,Marian College Sunshine West,Sunshine West,29,3.4,Marian College,3020,-37.787818,144.8061047
271,272,Homestead Senior Secondary College,Point Cook,29,3.3,Homestead Senior Secondary College,3030,-37.9158373,144.768277
272,273,Gilson College Mernda Campus,Mernda,29,2.9,Gilson College - Mernda,3754,-37.59845,145.074668
273,274,Woodmans Hill Secondary College,Ballarat East,29,2.8,Woodmans Hill Secondary College,3350,-37.5591933,143.8924687
274,275,Drouin Secondary College,Drouin,29,1.8,Drouin Secondary College,3818,-38.1457228,145.851186
275,276,Trinity College,Colac,29,1.8,Trinity College,3052,-37.79463519999999,144.9588919
276,277,Plenty Valley Christian College,Doreen,29,1.7,Plenty Valley Christian College,3754,-37.6127198,145.1395024
277,278,Kyabram Secondary College,Kyabram,29,0,Kyabram P-12 College,3620,-36.3172733,145.0544644
278,279,Mount Rowan Secondary College,Wendouree,29,0,Mount Rowan Secondary College (Wendouree High),3355,-37.519247,143.8345765
279,280,Red Rock Christian College,Sunbury,29,0,Red Rock Christian College,3429,-37.5191919,144.705837
280,281,Shepparton Christian College,Shepparton,29,0,Shepparton Christian College,3630,-36.353429,145.4174751
281,282,St Johns Greek Orthodox College,Preston,29,0,St John's College Preston,3072,-37.7458523,144.9994428
282,283,Wedderburn College,Wedderburn,29,0,Wedderburn College P-12,3518,-36.41705700000001,143.6185455
283,284,Kurnai College Churchill Campus,Churchill,28,8.7,"Kurnai College, University Campus",3842,-38.3122944,146.4268027
284,285,Wangaratta High School,Wangaratta,28,7,Wangaratta High School,3677,-36.3434333,146.3085174
285,286,Mordialloc College,Mordialloc,28,6.7,Mordialloc College,3195,-38.0116293,145.093114
286,287,Charlton College,Charlton,28,6.5,Charlton College,3525,-36.2706117,143.359371
287,288,Maffra Secondary College,Maffra,28,6.5,Maffra Secondary College,3860,-37.9644,146.9828
288,289,Matthew Flinders Girls Secondary College,Geelong,28,6.3,Matthew Flinders Girls Secondary College,3220,-38.1491888,144.3534086
289,290,Catherine McAuley College,Bendigo,28,6.2,Mercy Education Limited,3078,-37.7811088,145.0304229
290,291,Highview Christian Community College,Maryborough,28,5.9,Highview College,3465,-37.0532976,143.7367568
291,292,Catholic College Sale,Sale,28,5.7,Catholic College Sale,3850,-38.1087005,147.0638782
292,293,St Marys Coptic Orthodox College,Coolaroo,28,5.5,St Mary Coptic Orthodox College,3048,-37.6556815,144.9314821
293,294,St Patricks College,Ballarat,28,5.5,St.Patrick's Primary School,3163,-37.902099,145.0651694
294,295,Antonine College Senior Campus,Pascoe Vale South,28,5.2,Antonine College - Foundation - Year 12,3058,-37.746679,144.9776086
295,296,Mooroolbark College,Mooroolbark,28,5.1,Mooroolbark College,3138,-37.7742069,145.3155207
296,297,Rosebud Secondary College,Rosebud,28,5.1,Rosebud Secondary College,3939,-38.367959,144.8870834
297,298,Victoria University Secondary College Brimbank Campus,St Albans,28,4.9,Victoria University Secondary College,3023,-37.7590112,144.7663183
298,299,Victory Christian College,Strathdale,28,4.9,Victory Christian College,3550,-36.7828503,144.3132118
299,300,Gisborne Secondary College,Gisborne,28,4.8,Gisborne Secondary College,3437,-37.4981573,144.5845034
300,301,Lavalla Catholic College,Traralgon,28,4.8,Lavalla Catholic College,3844,-38.2008085,146.514682
301,302,Wellington Secondary College,Mulgrave,28,4.8,Wellington Secondary College,3170,-37.9343031,145.1700185
302,303,Bright P-12 College,Bright,28,4.7,Bright P-12 College,3741,-36.7328552,146.9614466
303,304,Mount Evelyn Christian School,Mount Evelyn,28,4.7,Mount Evelyn Christian School,3765,-37.7984009,145.3678276
304,305,Virtual School Victoria,Thornbury,28,4.7,Virtual School Victoria,3071,-37.7620502,145.0256002
305,306,Gladstone Park Secondary College,Gladstone Park,28,4.4,Gladstone Park Secondary College,3043,-37.6885865,144.8907169
306,307,Norwood Secondary College,Ringwood,28,4.4,Norwood Secondary College,3134,-37.7991053,145.2383335
307,308,Belmont High School,Belmont,28,4.3,Belmont High School,3216,-38.1764881,144.3300349
308,309,Caroline Chisholm Catholic College,Braybrook,28,4.3,Caroline Chisholm Catholic College,3019,-37.7864902,144.8486247
309,310,St Mary MacKillop College,Swan Hill,28,4.2,MacKillop College - St Mary's Campus,3030,-37.9535026,144.6967163
310,311,Assumption College,Kilmore,28,4,Assumption College - Kilmore,3764,-37.3010972,144.9469034
311,312,Lyndhurst Secondary College,Cranbourne,28,4,Lyndhurst Secondary College,3977,-38.0749209,145.2692128
312,313,Good News Lutheran College,Tarneit,28,3.9,Good News Lutheran College P-12,3029,-37.855309,144.6666847
313,314,Keilor Downs College,Keilor Downs,28,3.9,Keilor Downs College,3038,-37.7159451,144.8113313
314,315,Reservoir High School,Reservoir,28,3.9,Reservoir High School,3073,-37.7223668,145.029429
315,316,Timboon P-12 School,Timboon,28,3.8,Timboon P-12 School,3268,-38.483737,142.975666
316,317,Catholic College Wodonga,Wodonga,28,3.7,Catholic College Wodonga,3690,-36.1301412,146.8618053
317,318,Emmanuel College Melbourne,Altona North,28,3.6,Emmanuel College: St. Paul's Campus,3025,-37.832078,144.841591
318,319,Minaret College Springvale,Springvale,28,3.6,Minaret College,3171,-37.9394915,145.1470309
319,320,Chairo Christian School Pakenham,Nar Nar Goon,28,3.5,Chairo Christian School – Pakenham Campus,3810,-38.09504520000001,145.5476264
320,321,Ilim College of Australia,Broadmeadows,28,3.5,Ilim College Dallas Main Campus,3047,-37.6687353,144.927829
321,322,Monivae College,Hamilton,28,3.5,Monivae College,3300,-37.7424189,142.0496154
322,323,Hoppers Crossing Secondary College,Hoppers Crossing,28,3.3,Hoppers Crossing Secondary College,3029,-37.8702908,144.6962461
323,324,Springside West Secondary College,Fraser Rise,28,3.3,Springside West Secondary College,3336,-37.7156483,144.7276972
324,325,Warracknabeal Secondary College,Warracknabeal,28,3.3,Warracknabeal Secondary College,3393,-36.2625805,142.3891898
325,326,Murtoa P-12 College,Murtoa,28,3.2,Murtoa College,3390,-36.6233596,142.4754916
326,327,Wantirna College,Wantirna,28,3.2,Wantirna College,3152,-37.8575895,145.2300352
327,328,Lalor Secondary College,Lalor,28,3.1,Lalor Secondary College,3075,-37.672664,145.0300919
328,329,Salesian College Sunbury,Sunbury,28,3.1,Salesian College Sunbury,3429,-37.5723537,144.7396086
329,330,St Josephs College Echuca,Echuca,28,3.1,St Joseph's College,3564,-36.1181972,144.7436136
330,331,Catholic Regional College Melton,Melton West,28,3,Catholic Regional College Melton,3337,-37.6767428,144.5503445
331,332,Copperfield College,Delahey,28,3,Copperfield College,3037,-37.7026301,144.7588626
332,333,Damascus College,Mount Clear,28,3,Damascus College,3350,-37.6115961,143.868596
333,334,Lyndale Secondary College,Dandenong North,28,2.9,Lyndale Secondary College,3175,-37.9572958,145.2062989
334,335,Mornington Secondary College,Mornington,28,2.9,Mornington Secondary College,3931,-38.2171005,145.0597687
335,336,Gleneagles Secondary College,Endeavour Hills,28,2.8,Gleneagles Secondary College,3802,-37.9733851,145.275232
336,337,Swinburne Senior Secondary College,Hawthorn,28,2.8,Swinburne Senior Secondary College,3122,-37.8228757,145.0406807
337,338,Aitken College,Greenvale,28,2.7,Aitken College,3059,-37.6278478,144.890115
338,339,Mount Alexander 7-12 College,Flemington,28,2.7,Mount Alexander College,3031,-37.782406,144.933138
339,340,Hawkesdale College,Hawkesdale,28,2.6,Hawkesdale P-12 College,3287,-38.10662689999999,142.3187077
340,341,Nagle College,Bairnsdale,28,2.6,Nagle College,3875,-37.8367909,147.5874509
341,342,Catholic Regional College Sydenham,Sydenham,28,2.5,Catholic Regional College Sydenham,3037,-37.69838,144.7710295
342,343,Galen College,Wangaratta,28,2.5,Galen Catholic College,3677,-36.3405183,146.3098967
343,344,Mirboo North Secondary College,Mirboo North,28,2.3,Mirboo North Secondary College,3871,-38.4006156,146.1491546
344,345,Trafalgar High School,Trafalgar,28,2.3,Trafalgar High School,3824,-38.2138215,146.1577124
345,346,Bentleigh Secondary College,Bentleigh East,28,2.1,Bentleigh Secondary College,3165,-37.9280026,145.0616299
346,347,Northern College of Arts and Technology,Preston,28,2.1,Northern College of the Arts & Technology - NCAT,3072,-37.74035569999999,145.0262368
347,348,Beaufort Secondary College,Beaufort,28,2,Beaufort Secondary College,3373,-37.4383793,143.3830304
348,349,Keysborough Secondary College Acacia,Keysborough,28,2,Keysborough Secondary College Acacia Campus,3173,-37.9845199,145.1817169
349,350,Noble Park Secondary College,Noble Park,28,2,Noble Park Secondary College,3174,-37.9704407,145.1838299
350,351,Ballarat High School,Ballarat,28,1.8,Ballarat High School,3350,-37.5535586,143.8174371
351,352,Epping Secondary College,Epping,28,1.8,Epping Secondary College,3076,-37.6437586,145.0334955
352,353,South Oakleigh Secondary College,Oakleigh South,28,1.8,South Oakleigh College,3167,-37.9221968,145.0899508
353,354,St Josephs College Mildura,Mildura,28,1.8,St Joseph's College - Mercy Campus,3500,-34.1771208,142.1413908
354,355,Rochester Secondary College,Rochester,28,1.4,Rochester Secondary College,3561,-36.353046,144.6983412
355,356,Bundoora Secondary College,Bundoora,28,1.3,Bundoora Secondary College,3083,-37.7083117,145.0618753
356,357,Wheelers Hill Secondary College,Wheelers Hill,28,1.2,Wheelers Hill Secondary College,3150,-37.9101552,145.1814142
357,358,Forest Hill College,Burwood East,28,0.8,Forest Hill College,3151,-37.8485112,145.1623225
358,359,Bayview College,Portland,28,0,Bayview College,3305,-38.3450439,141.6061286
359,360,Cobram Secondary College,Cobram,28,0,Cobram Secondary College,3644,-35.9131397,145.6540757
360,361,Edenhope College,Edenhope,28,0,Edenhope College,3318,-37.0331153,141.298706
361,362,Edinburgh College,Lilydale,28,0,Edinburgh College,3140,-37.7850009,145.3518536
362,363,Marian College Myrtleford,Myrtleford,28,0,Marian College,3737,-36.5534024,146.7247721
363,364,Monterey Secondary College,Frankston North,28,0,Monterey Secondary College,3200,-38.1267852,145.147705
364,365,Murrayville Community College,Murrayville,28,0,Murrayville Community College,3512,-35.2656784,141.1776855
365,366,Myrtleford P-12 College,Myrtleford,28,0,Myrtleford P-12 College,3737,-36.5493354,146.7269592
366,367,St Arnaud Secondary College,St Arnaud,28,0,St. Arnaud Secondary School,3478,-36.6098772,143.2505374
367,368,St Brigids College,Horsham,28,0,Simonds Catholic College,3068,-37.7919913,144.9771731
368,369,St Thomas Aquinas College,Tynong,28,0,St.Thomas Aquinas College,3813,-38.083065,145.6232604
369,370,Mountain District Christian School,Monbulk,27,7.7,Mountain District Christian School,3793,-37.8562535,145.4526514
370,371,Cobram Anglican Grammar School,Cobram,27,6.3,Cobram Anglican Grammar School,3644,-35.9243888,145.6608485
371,372,Healesville High School,Healesville,27,5.2,Healesville High School,3777,-37.643838,145.5308982
372,373,Ouyen Secondary College,Ouyen,27,4.4,Ouyen P-12 College,3490,-35.0645116,142.3222047
373,374,Ilim College Kiewa Campus Dallas,Dallas,27,4.3,Ilim College Kiewa Campus - Boys Secondary,3047,-37.6747532,144.9348452
374,375,Lorne P-12 College,Lorne,27,4.3,Lorne P-12 College,3232,-38.5389759,143.9734066
375,376,Kerang Christian College,Kerang,27,4.2,Kerang Christian College,3579,-35.7305743,143.9135427
376,377,Monbulk College,Monbulk,27,4,Monbulk College,3793,-37.883462,145.4274198
377,378,Phoenix P-12 Community College,Sebastopol,27,4,Phoenix P-12 Community College,3356,-37.5865864,143.8340402
378,379,Collingwood College,Collingwood,27,3.8,"Collingwood College, Victoria",3066,-37.8027144,144.9904829
379,380,North Geelong Secondary College,Geelong North,27,3.8,North Geelong Secondary College,3215,-38.1098188,144.3408864
380,381,Westall Secondary College,Clayton South,27,3.8,Westall Secondary College,3169,-37.9403727,145.1364617
381,382,Newcomb Secondary College,Newcomb,27,3.6,Newcomb Secondary College,3219,-38.1708506,144.3942979
382,383,Essendon Keilor College Essendon Campus,Essendon,27,3.3,Essendon Keilor College - Essendon Campus,3040,-37.7551638,144.9023584
383,384,Hume Central Secondary College Town Park,Broadmeadows,27,3.3,Hume Central Secondary College,3047,-37.6803743,144.9156176
384,385,Lakeview Senior College,Caroline Springs,27,3.1,Lakeview Senior College,3023,-37.7313773,144.7403582
385,386,Carwatha College P-12,Noble Park,27,3,Carwatha College P - 12,3174,-37.9423886,145.1903191
386,387,Diamond Valley College,Diamond Creek,27,2.8,Diamond Valley College,3089,-37.6727702,145.1672824
387,388,Hampton Park Secondary College,Hampton Park,27,2.8,Hampton Park Secondary College,3976,-38.035031,145.2594912
388,389,Seymour College,Seymour,27,2.8,Seymour College,3660,-37.0318331,145.1426595
389,390,William Ruthven Secondary College,Reservoir,27,2.7,William Ruthven Secondary College,3073,-37.6965878,145.0030341
390,391,Marian College Ararat,Ararat,27,2.6,Marian College,3377,-37.284848,142.938517
391,392,Nhill College,Nhill,27,2.6,Nhill College,3418,-36.3319977,141.657751
392,393,Robinvale College,Robinvale,27,2.6,Robinvale Learning and Community Hub,3549,-34.5886182,142.7783963
393,394,Brauer College,Warrnambool,27,2.5,Brauer College,3280,-38.3579858,142.4604459
394,395,Lilydale High School,Lilydale,27,2.4,Lilydale High School,3140,-37.7605976,145.3439035
395,396,Surf Coast Secondary College,Torquay,27,2.4,Surf Coast Secondary College,3228,-38.3041744,144.325228
396,397,Point Cook Senior Secondary College,Point Cook,27,2.3,Point Cook Senior Secondary College,3030,-37.8875685,144.7327793
397,398,Wonthaggi Secondary College,Wonthaggi,27,2.3,Wonthaggi Secondary College (Senior Campus),3995,-38.610986,145.5988042
398,399,Hazel Glen College,Doreen,27,2.2,Hazel Glen College,3754,-37.5987502,145.1229313
399,400,St Mary of the Angels College,Nathalia,27,2.2,St Mary of the Angels Secondary College,3638,-36.0575732,145.2079606
400,401,Sunshine College,Sunshine West,27,2.1,Sunshine College West Campus,3020,-37.7930138,144.8134974
401,402,Thomas Carr College,Tarneit,27,2.1,Thomas Carr College,3029,-37.8476506,144.700921
402,403,Bellarine Secondary College,Drysdale,27,2,Bellarine Secondary College,3222,-38.1909054,144.5554744
403,404,Gordon Institute of TAFE,Geelong,27,2,The Gordon - Geelong City Campus,3220,-38.1461223,144.3550656
404,405,Marist College Bendigo,Maiden Gully,27,2,Marist College Bendigo,3551,-36.7322637,144.2224063
405,406,Melba Secondary College,Croydon,27,2,Melba College,3136,-37.7962833,145.2621541
406,407,Traralgon College,Traralgon,27,1.8,Traralgon Secondary College,3844,-38.1913943,146.5198142
407,408,Mercy Regional College,Camperdown,27,1.4,Mercy Regional College,3260,-38.2348861,143.1395874
408,409,Scoresby Secondary College,Scoresby,27,1.4,Scoresby Secondary College,3179,-37.8882449,145.2361192
409,410,Warrnambool College,Warrnambool,27,1.4,Warrnambool College,3280,-38.377042,142.500214
410,411,Leongatha Secondary College,Leongatha,27,1.3,Leongatha Secondary College,3953,-38.4794354,145.9598671
411,412,Numurkah Secondary College,Numurkah,27,1.3,Numurkah Secondary College,3636,-36.0795847,145.4467374
412,413,Upwey High School,Upwey,27,1.3,Upwey High School,3158,-37.9036309,145.3346611
413,414,Melton Secondary College,Melton,27,1,Melton Secondary College,3337,-37.6820501,144.5673352
414,415,Pascoe Vale Girls Secondary College,Pascoe Vale,27,1,Pascoe Vale Girls College,3044,-37.7177734,144.9346136
415,416,Keysborough Secondary College Banksia,Springvale South,27,0.9,Keysborough Secondary College Banksia,3172,-37.9668546,145.1594583
416,417,Yarrawonga College P-12,Yarrawonga,27,0.9,Yarrawonga College P-12,3730,-36.01866589999999,146.0072882
417,418,Lakeside Lutheran College,Pakenham,27,0.8,Lakeside College,3810,-38.0650476,145.4555062
418,419,Mount Erin College,Frankston South,27,0.7,Mount Erin College,3199,-38.1742986,145.1480747
419,420,Mount Clear College,Mount Clear,27,0.3,Mount Clear College,3350,-37.60749879999999,143.8765962
420,421,Camperdown College,Camperdown,27,0,Camperdown College,3260,-38.23471019999999,143.14279
421,422,Good Shepherd College,Hamilton,27,0,School of the Good Shepherd,3043,-37.6922178,144.8895816
422,423,Orbost Secondary College,Orbost,27,0,Orbost Secondary College,3888,-37.7045138,148.4671029
423,424,Rainbow P-12 College,Rainbow,27,0,Rainbow P-12 College,3424,-35.8944752,141.996496
424,425,Somerville Secondary College,Somerville,27,0,Somerville Secondary College,3912,-38.2273341,145.1685012
425,426,Sydney Road Community School,Brunswick,27,0,Sydney Road Community School,3056,-37.7696954,144.961901
426,427,Lakes Entrance Secondary College,Lakes Entrance,26,5.2,Lakes Entrance Secondary College,3909,-37.8708099,147.9983626
427,428,Al Iman College,Melton South,26,3.9,Al Iman College Campus,3338,-37.7071809,144.5647248
428,429,Terang College Secondary Campus,Terang,26,3.7,Terang College,3264,-38.2463014,142.920887
429,430,Taylors Lakes Secondary College,Taylors Lakes,26,3.6,Taylors Lakes Secondary College,3038,-37.707354,144.794398
430,431,Notre Dame College,Shepparton,26,3.2,"Notre Dame College, Shepparton",3630,-36.3747763,145.4076203
431,432,Sunbury College,Sunbury,26,3.2,Sunbury College,3429,-37.5742104,144.7301304
432,433,Rowville Secondary College,Rowville,26,3.1,Rowville Secondary College,3178,-37.9237803,145.2370337
433,434,St Johns Regional College,Dandenong,26,3,St John's Regional College,3175,-37.98903240000001,145.2273689
434,435,St Augustines College,Kyabram,26,2.9,St Augustine's Yarraville,3013,-37.8136733,144.890024
435,436,Thomastown Secondary College,Thomastown,26,2.9,Thomastown Secondary College,3074,-37.6785923,145.0030976
436,437,Bairnsdale Secondary College,Bairnsdale,26,2.8,Bairnsdale Secondary College,3875,-37.8251981,147.6052706
437,438,Australian International Academy Caroline Springs,Caroline Springs,26,2.6,Australian International Academy (Caroline Springs Secondary Campus),3023,-37.7342676,144.7406521
438,439,Kurunjang Secondary College,Melton,26,2.6,Kurunjang Secondary College,3337,-37.6728431,144.5861211
439,440,Minaret College Officer,Officer,26,2.3,Minaret College Officer Campus,3809,-38.0533667,145.4112938
440,441,Penola Catholic College,Broadmeadows,26,2.3,Penola Catholic College,3047,-37.6888466,144.9194585
441,442,Elisabeth Murdoch College,Langwarrin,26,2,Elisabeth Murdoch College,3910,-38.1590851,145.1905147
442,443,Bendigo Senior Secondary College,Bendigo,26,1.9,Bendigo Senior Secondary College,3550,-36.7551611,144.2799883
443,444,Cohuna Secondary College,Cohuna,26,1.9,Cohuna Secondary College,3568,-35.8136319,144.226165
444,445,RMIT TAFE,Melbourne,26,1.9,RMIT University Melbourne City Campus,3000,-37.8083332,144.9639386
445,446,Mildura Senior College,Mildura,26,1.7,Mildura Senior College,3500,-34.1978056,142.1439877
446,447,Geelong High School,East Geelong,26,1.5,Geelong High School,3219,-38.152812,144.373981
447,448,Koo Wee Rup Secondary College,Koo Wee Rup,26,1.5,Koo Wee Rup Secondary College,3981,-38.1969424,145.4958694
448,449,Kyneton High School,Kyneton,26,1.5,Kyneton High School,3444,-37.2513115,144.4581253
449,450,Kolbe Catholic College,Greenvale Lakes,26,1.4,"Kolbe Catholic College, Greenvale",3059,-37.61467469999999,144.9088434
450,451,Melton Christian College,Melton South,26,1.4,Melton Christian College,3338,-37.6997971,144.5602651
451,452,Swan Hill College,Swan Hill,26,1.4,Swan Hill College,3585,-35.3344984,143.5527866
452,453,Dandenong High School Dandenong,Dandenong,26,1.3,Dandenong High School,3175,-37.9790592,145.2083834
453,454,Staughton College,Melton South,26,1.3,Staughton College,3337,-37.7075156,144.5693599
454,455,Mount Beauty Secondary College,Mount Beauty,26,1.2,Mount Beauty Secondary College,3699,-36.7402742,147.1674407
455,456,Patterson River Secondary College,Seaford,26,1.2,Patterson River Secondary College,3198,-38.083687,145.1355578
456,457,Echuca College,Echuca,26,1.1,Echuca College,3564,-36.132439,144.732395
457,458,Heathmont College,Heathmont,26,1.1,Heathmont College,3135,-37.8382286,145.2331496
458,459,Greensborough Secondary College,Greensborough,26,1,Greensborough College,3088,-37.7085445,145.091852
459,460,Alexandra Secondary College,Alexandra,26,0.8,Alexandra Secondary College,3714,-37.1948279,145.701403
460,461,Korumburra Secondary College,Korumburra,26,0.8,Korumburra Secondary College,3950,-38.4438642,145.8052033
461,462,Officer Secondary College,Officer,26,0.8,Officer Secondary College,3809,-38.0703119,145.4116514
462,463,Al-Taqwa College Islamic Schools of Vic,Truganina,26,0.7,Al-Taqwa College,3029,-37.8521652,144.7218322
463,464,Castlemaine Secondary College,Castlemaine,26,0.7,Castlemaine Secondary College,3450,-37.0506236,144.2268234
464,465,Yarram Secondary College,Yarram,26,0.7,Yarram Secondary College,3971,-38.5679012,146.6844733
465,466,Yea High School,Yea,26,0.7,Yea High School,3717,-37.2160986,145.4075169
466,467,Maryborough Education Centre,Maryborough,26,0.6,Maryborough Education Centre,3465,-37.0427201,143.7230999
467,468,Pakenham Secondary College,Pakenham,26,0.6,Pakenham Secondary College,3810,-38.0716683,145.4709473
468,469,Macleod College,Macleod,26,0.4,Macleod College,3085,-37.72495050000001,145.0718061
469,470,Bayswater Secondary College,Bayswater,26,0,Bayswater Secondary College,3153,-37.83851569999999,145.2618142
470,471,Cann River P-12 College,Cann River,26,0,Cann River P12 College,3890,-37.5698479,149.1534257
471,472,Heywood and District Secondary College,Heywood,26,0,Heywood & District Secondary College,3304,-38.1292076,141.6196899
472,473,Sale College,Sale,26,0,Sale College Macalister Campus,3850,-38.1091053,147.0678052
473,474,Tallangatta Secondary College,Tallangatta,26,0,Tallangatta Secondary College,3700,-36.2194355,147.1729867
474,475,Roxburgh College,Roxburgh Park,25,3,Roxburgh College,3064,-37.6306232,144.9297874
475,476,Ararat College,Ararat,25,2.7,Ararat College,3377,-37.2859118,142.9220531
476,477,Bacchus Marsh College,Bacchus Marsh,25,2.4,Bacchus Marsh College,3340,-37.6858497,144.4330545
477,478,Warrandyte High School,Warrandyte,25,2.2,Warrandyte High School,3113,-37.7473924,145.1842284
478,479,Benalla P-12 College,Benalla,25,2,Benalla P-12 College,3672,-36.5533203,145.9644448
479,480,Box Hill Institute CAE Campus Melbourne,Melbourne,25,2,Box Hill Institute,3128,-37.8155203,145.1147375
480,481,Mount Ridley P-12 College,Craigieburn,25,2,Mount Ridley College,3064,-37.5775156,144.921486
481,482,Lowanna College,Newborough,25,1.6,Lowanna College,3825,-38.1766759,146.2862216
482,483,Broadford Secondary College,Broadford,25,1.3,Broadford Secondary College,3658,-37.204768,145.0393919
483,484,St Peters College,Cranbourne,25,1.3,St Peter Institute,3000,-37.813789,144.9654612
484,485,Swinburne University of Technology TAFE Croydon,Croydon,25,1.3,Swinburne University of Technology - Croydon,3136,-37.801686,145.285759
485,486,Fairhills High School,Knoxfield,25,1,Fairhills High School,3180,-37.8727114,145.2579851
486,487,Cranbourne Secondary College,Cranbourne,25,0.7,Cranbourne Secondary College,3977,-38.1071779,145.2861892
487,488,Yarra Hills Secondary College,Mooroolbark,25,0.6,Yarra Hills Secondary College,3138,-37.7898873,145.3164197
488,489,Lalor North Secondary College,Epping,25,0.5,Lalor North Secondary College,3076,-37.6607028,145.0343014
489,490,Whittlesea Secondary College,Whittlesea,25,0.5,Whittlesea Secondary College,3757,-37.5159809,145.1202751
490,491,Fountain Gate Secondary College,Narre Warren,25,0.3,Fountain Gate Secondary College,3805,-38.006132,145.2955826
491,492,Portland Secondary College,Portland,25,0.3,Portland Secondary College,3305,-38.3587753,141.5943966
492,493,Wyndham Central Secondary College,Werribee,25,0.3,Wyndham Central College,3030,-37.8888658,144.6529662
493,494,Nathalia Secondary College,Nathalia,25,0,Nathalia Secondary College,3638,-36.0601349,145.2087719
494,495,Neerim District Secondary College,Neerim South,25,0,Neerim District Secondary College,3831,-38.0176998,145.9567373
495,496,Red Cliffs Secondary College,Red Cliffs,25,0,Red Cliffs Secondary College,3496,-34.2988822,142.1953476
496,497,Rushworth P-12 College,Rushworth,25,0,Rushworth P-12 College,3612,-36.583748,145.0146595
497,498,Upper Yarra Secondary College,Yarra Junction,25,0,Upper Yarra Secondary College,3797,-37.79176229999999,145.6238559
498,499,Warragul Regional College,Warragul,25,0,Warragul Regional College,3820,-38.1662884,145.9233901
499,500,Geelong Baptist College,Lovely Banks,24,3,Geelong Baptist College,3213,-38.0665664,144.3298034
500,501,Lara Secondary College,Lara,24,2.4,Lara Secondary College,3212,-38.0178008,144.4108804
501,502,Baimbridge College,Hamilton,24,2.1,Baimbridge College,3300,-37.7339496,142.0132358
502,503,Stawell Secondary College,Stawell,24,1.9,Stawell Secondary College,3380,-37.0618616,142.7901581
503,504,Wodonga Senior Secondary College,Wodonga,24,1.9,Wodonga Senior Secondary College,3690,-36.1274177,146.8810467
504,505,Box Hill Senior Secondary College,Mont Albert North,24,1.7,Box Hill Senior Secondary College,3129,-37.8093936,145.1130212
505,506,Mill Park Secondary College,Epping,24,1.6,Mill Park Secondary College Senior Campus,3076,-37.64568,145.0626923
506,507,Western Heights College,Hamlyn Heights,24,1.4,Western Heights College,3215,-38.1240446,144.3280702
507,508,Rutherglen High School,Rutherglen,24,0.9,Rutherglen High School,3685,-36.0625202,146.4519693
508,509,Grovedale College,Grovedale,24,0.8,Grovedale College,3216,-38.2104977,144.3274643
509,510,Boronia K-12 College,Boronia,24,0.7,"Boronia K-12 College, Mount View Campus",3155,-37.859298,145.2940572
510,511,Western Port Secondary College,Hastings,24,0.7,Western Port Secondary College,3915,-38.3079885,145.1764105
511,512,Australian International Academy Coburg,North Coburg,24,0.6,Australian International Academy - King Khalid Coburg Campus,3058,-37.7363067,144.9661119
512,513,Tarneit Senior College,Tarneit,24,0.6,Tarneit Senior College,3029,-37.8340969,144.6816239
513,514,Greater Shepparton Secondary College Wanganui Campus,Shepparton,24,0.4,Greater Shepparton Secondary College - Wanganui Campus,3630,-36.372795,145.4151921
514,515,Alia College,Hawthorn East,24,0,Alia College,3123,-37.843345,145.0449247
515,516,Colac Secondary College,Colac,24,0,Colac Secondary College,3250,-38.3512917,143.5901696
516,517,Euroa Secondary College,Euroa,24,0,Euroa Secondary College,3666,-36.7581777,145.5646313
517,518,Greater Shepparton Secondary College McGuire Campus,Shepparton,24,0,Greater Shepparton Secondary College - McGuire Campus,3630,-36.3987302,145.4080797
518,519,Lake Bolac College,Lake Bolac,24,0,Lake Bolac College,3351,-37.7203246,142.8376806
519,520,Wallan Secondary College,Wallan,24,0,Wallan Secondary College,3756,-37.4193746,144.9806597
520,521,Northern Bay P-12 College,Corio,23,1.9,Northern Bay College - Goldsworthy Road Campus,3214,-38.0785057,144.3555236
521,522,Hallam Senior Secondary College,Hallam,23,1.6,Hallam Senior College,3803,-38.0004291,145.2625263
522,523,Charles La Trobe P-12 College La Trobe,Macleod West,23,1.3,Charles La Trobe P-12 College,3085,-37.7287756,145.0589769
523,524,Lilydale Heights College,Lilydale,23,0.5,Lilydale Heights College,3140,-37.744945,145.340902
524,525,Manor Lakes P-12 College,Wyndham Vale,23,0.2,Manor Lakes College,3024,-37.873781,144.6019385
525,526,Carrum Downs Secondary College,Carrum Downs,23,0,Carrum Downs Secondary College,3201,-38.0940257,145.197002
526,527,Chisholm Institute of TAFE Dandenong,Dandenong,23,0,Chisholm Institute,3175,-37.975611,145.2219328
527,528,Chisholm Institute of TAFE Frankston,Frankston,23,0,Chisholm Frankston,3199,-38.1436117,145.1270729
528,529,Glenroy Secondary College,Glenroy,23,0,Glenroy College,3046,-37.7049315,144.9266446
529,530,The Grange P-12 College,Hoppers Crossing,22,1.6,The Grange P-12 college,3029,-37.8572583,144.6746228
530,531,Craigieburn Secondary College,Craigieburn,22,1.4,Craigieburn Secondary College,3064,-37.6085712,144.9356946
531,532,Ballarat Christian College,Sebastopol,22,0,Ballarat Christian College,3356,-37.5929632,143.8432449
532,533,Laverton P-12 College,Laverton,22,0,Laverton P - 12 College,3028,-37.857564,144.7724254
533,534,East Preston Islamic College,Preston East,21,2.2,East Preston Islamic College,3072,-37.7339432,145.0351676
534,535,Stotts Colleges Melbourne,Melbourne,21,0,Acknowledge Education (Stott's College - Melbourne),3000,-37.8115154,144.9706512
535,536,John Fawkner College,Fawkner,20,0,John Fawkner College,3060,-37.7025328,144.9717728
536,537,Victoria University Polytechnic,Footscray,20,0,Victoria University: Sunshine Campus,3020,-37.7773774,144.8352895
537,538,Ozford College,Melbourne,19,1.5,Ozford,3000,-37.8107334,144.9687127
538,539,Adass Israel School Elsternwick,Elsternwick,0,0,Adass Israel School,3185,-37.8838481,145.0088098
539,540,Adass Israel School St Kilda East,St Kilda East,0,0,Adass Israel School,3185,-37.8838481,145.0088098
540,541,Advance College of Education,Rosebud,0,0,Advance College,3939,-38.3831857,144.8869274
541,542,Albury Wodonga Community College,Wodonga,0,0,Albury Wodonga Community College,3689,-36.1180387,146.8891416
542,543,Armstrong Creek School,Armstrong Creek,0,0,Armstrong Creek School,3217,-38.2321933,144.3670543
543,544,Balmoral Community College,Balmoral,0,0,Balmoral K-12 Community College,3407,-37.2396917,141.8225668
544,545,Bendigo South East Secondary College,Bendigo,0,0,Bendigo South East College,3550,-36.7762395,144.2979776
545,546,Bendigo TAFE,Bendigo,0,0,Bendigo TAFE,3550,-36.7567304,144.2844055
546,547,Berry Street Victoria,Richmond,0,0,Berry Street - Central Office,3121,-37.826932,145.0206602
547,548,Box Hill Institute,Box Hill,0,0,Box Hill Institute,3128,-37.8155203,145.1147375
548,549,Catholic Regional College Caroline Springs,Caroline Springs,0,0,Catholic Regional College Caroline Springs,3023,-37.7305156,144.7396211
549,550,Charles La Trobe P-12 College The Pavilion,Preston,0,0,Charles La Trobe P-12 College,3085,-37.7287756,145.0589769
550,551,Cire Community School,Yarra Junction,0,0,Cire Community School - Berwick,3806,-38.0356848,145.334962
551,552,Croydon Community School,Croydon,0,0,Croydon Community School,3136,-37.7894041,145.2807187
552,553,Crusoe 7-10 Secondary College,Kangaroo Flat,0,0,Crusoe College,3555,-36.7893482,144.2332364
553,554,David Scott School Frankston,Frankston,0,0,David Scott School,3199,-38.1483916,145.1192352
554,555,Diamond Valley Learning Centre,Greensborough,0,0,Diamond Valley Learning Centre,3088,-37.6995867,145.10721
555,556,Djerriwarrh Community College,Melton,0,0,Djerriwarrh Community College,3337,-37.6868363,144.5777791
556,557,Education Centre Gippsland,Warragul,0,0,Education Centre Gippsland/Smith St,3820,-38.1589949,145.9328907
557,558,Federation University Australia SMB Campus,Ballarat,0,0,"Federation University Australia, SMB Campus",3350,-37.5654017,143.857426
558,559,Foundation Learning Centre,Narre Warren,0,0,Foundation Learning Centre,3805,-38.02691950000001,145.3055729
559,560,Glenroy Neighbourhood Centre,Glenroy,0,0,Glenroy Neighbourhood Learning Centre,3046,-37.7039778,144.921698
560,561,Goroke P-12 College,Goroke,0,0,Goroke P-12 College,3412,-36.7157478,141.4838104
561,562,Goulburn Ovens Institute of TAFE,Shepparton,0,0,"GOTAFE - William Orr Campus, Wanganui Road",3630,-36.3473861,145.3724731
562,563,Hester Hornbrook Academy,Melbourne,0,0,Hester Hornbrook Academy CBD Campus,3000,-37.8165303,144.9561389
563,564,Holmesglen Institute of TAFE Moorabbin,Moorabbin,0,0,Holmesglen Institute,3189,-37.9359581,145.0508583
564,565,Kangan Institute of TAFE,Broadmeadows,0,0,Kangan Institute,3008,-37.8220736,144.9490642
565,566,Kensington Community High School,Kensington,0,0,Kensington Community High School,3031,-37.7881402,144.9256464
566,567,Lavers Hill K-12 College,Lavers Hill,0,0,Lavers Hill K-12 College,3238,-38.68159170000001,143.3829197
567,568,Lynall Hall Community School,Richmond,0,0,Lynall Hall Community School,3121,-37.8166359,145.0020856
568,569,Manangatang P-12 College,Manangatang,0,0,Manangatang P-12 College,3546,-35.0554709,142.8847339
569,570,Melbourne Montessori School Senior Campus,Brighton East,0,0,Melbourne Montessori School,3187,-37.9117517,145.0175391
570,571,Melbourne Polytechnic,Preston,0,0,Melbourne Polytechnic (Preston Campus),3072,-37.7423976,144.9979318
571,572,Merinda Park Learning Centre,Cranbourne North,0,0,Merinda Park Learning & Community Centre,3977,-38.0775073,145.2690353
572,573,Mountain District Learning Centre,Ferntree Gully,0,0,Mountain District Learning Centre,3156,-37.8833541,145.2931059
573,574,Oakwood School,Caulfield North,0,0,Oakwood School,3174,-37.9613573,145.1902116
574,575,Parkville College,Parkville,0,0,Parkville College,3052,-37.7764594,144.9445359
575,576,Peter Lalor Secondary College,Lalor,0,0,Peter Lalor Secondary College,3075,-37.6668102,145.0121075
576,577,Pines Learning,Doncaster East,0,0,Pines Learning Inc.,3109,-37.7605684,145.1693016
577,578,Prahran Community Learning Centre,Prahran,0,0,Prahran Community Learning Centre,3181,-37.8473709,144.9914913
578,579,Preston Reservoir Adult Community Education,Reservoir,0,0,Prace,3073,-37.6981553,145.0090543
579,580,River Nile School,North Melbourne,0,0,River Nile School,3051,-37.80509199999999,144.9550129
580,581,SEDA College,Hawthorn East,0,0,SEDA College VIC,3123,-37.830815,145.053297
581,582,Shepparton Adult and Community Education,Shepparton,0,0,The Centre for Continuing Education,3630,-36.3800285,145.4002733
582,583,South West Institute of TAFE,Warrnambool,0,0,West Melbourne Institute of Technology,3205,-37.83721329999999,144.966621
583,584,Sunraysia Institute of TAFE,Mildura,0,0,Sunraysia Institute of TAFE,3585,-35.3420066,143.5324873
584,585,The Lakes South Morang College,South Morang,0,0,The Lakes South Morang College - Senior Campus,3752,-37.6346776,145.0759623
585,586,William Angliss Institute of TAFE,Melbourne,0,0,William Angliss Institute,3000,-37.8128967,144.9536305
586,587,Wodonga Institute of TAFE,West Wodonga,0,0,Wodonga TAFE,3690,-36.1105482,146.8546689
587,588,Wyndham Community and Education Centre,Werribee,0,0,Wyndham Community & Education Centre,3030,-37.9016221,144.6629558
588,589,Youth2industry College,South Melbourne,0,0,Youth2Industry College,3205,-37.8370788,144.9665614
589,590,Yuille Park Community College,Delacombe,0,0,Yuille Park P-8 Community College,3355,-37.5277564,143.8207304
590,591,Armenian Aginian School Surrey Hills,Surrey Hills, , ,Armenian Aginian School,3127,-37.8264892,145.0949862
591,592,Austurk Saturday Turkish School,Gladstone Park, , ,ICMG Saturday Turkish School,3047,-37.6687799,144.9296892
592,593,Bharathi Academy Dandenong,Dandenong, , ,Bharathi Academy - Tamil School (Dandenong),3175,-37.9781123,145.2133787
593,594,Cheryl Kaloger Brown School of Dance,Hawthorn East, , ,Dance Network,3029,-37.873326,144.7302284
594,595,Chinese Culture School,Mont Albert, , ,新金山学校 Chinese Culture School Australia,3128,-37.816681,145.119772
595,596,Chinese Culture School Melbourne High Campus,South Yarra, , ,新金山学校 Chinese Culture School Australia,3128,-37.816681,145.119772
596,597,Chinese Culture School Northcote Campus,Northcote, , ,"新金山文化学校 New Chinese Language and Culture School, Braybrook Campus",3019,-37.7864742,144.8485496
597,598,Eastern Chinese Language School,Doncaster East, , ,Melbourne Baptist Chinese School,3102,-37.7963363,145.0492269
598,599,Firbank Grammar Qidong Qidi Foreign Language School,"Qidong, China", , ,Firbank Grammar School,3186,-37.90643439999999,144.9970066
599,600,Firbank Grammar School Chongqing New Epoch School,"Sichuan, China", , ,Firbank Grammar School,3186,-37.90643439999999,144.9970066
600,601,Firbank Grammar School Harbin American-Canadian Foreign Language School,"Heilongjiang, China", , ,Firbank Grammar School,3186,-37.90643439999999,144.9970066
601,602,Firbank Grammar School Jiangyan No 2 High School,"Taizhou, China", , ,Firbank Grammar School,3186,-37.90643439999999,144.9970066
602,603,Firbank Grammar School Lianyungang Foreign Language School,"Lianyungang, China", , ,Firbank Grammar School,3186,-37.90643439999999,144.9970066
603,604,Firbank Grammar School Shanghai Tianhua College High School,"Shanghai, China", , ,Firbank Grammar School,3186,-37.90643439999999,144.9970066
604,605,Firbank Grammar School Suzhou International Foreign Language School,"Suzhou, China", , ,Firbank Grammar School,3186,-37.90643439999999,144.9970066
605,606,Greek Orthodox Community of Melbourne and Victoria,Melbourne, , ,Greek Community of Melbourne,3000,-37.8106149,144.9673423
606,607,Haileybury Albert Einstein School,"Ho Chi Minh City, Vietnam", , ,"Haileybury, Keysborough",3173,-37.9934198,145.1443898
607,608,Haileybury College Tianjin Campus,"Tianjin, China", , ,"Haileybury, Keysborough",3173,-37.9934198,145.1443898
608,609,Haileybury Dili International School,"Dili, Timor-Leste", , ,"Haileybury, Keysborough",3173,-37.9934198,145.1443898
609,610,Haileybury Ningbo Li Hui Li High School,"Ningbo, China", , ,"Haileybury, Keysborough",3173,-37.9934198,145.1443898
610,611,Haileybury Wuhan Foreign Language School,"Wuhan, China", , ,"Haileybury, Keysborough",3173,-37.9934198,145.1443898
611,612,Hispanoamerican School of Springvale,Noble Park, , ,Escuela HispanoAmericana Inc.,3174,-37.971012,145.1843301
612,613,Independent Dance Studios,Hallam, , ,Independent Dance Studios,3803,-38.014667,145.256938
613,614,Iranian Cultural School,Doncaster East, , ,Iranian Cultural School,3109,-37.7823123,145.1587497
614,615,Korean Language School of Melbourne,Prahran, , ,My Korean School - Melbourne,3000,-37.8157645,144.9627765
615,616,Kurnai College University Campus,Churchill, , ,"Kurnai College, University Campus",3842,-38.3122944,146.4268027
616,617,Meisha Academy Guangzhou,"Guangzhou, China", , ,American International School of Guangzhou,Not Found,23.1083923,113.303698
617,618,Melbourne International School of Japanese,Oakleigh South, , ,Melbourne International School of Japanese Inc,3167,-37.9224576,145.0954338
618,619,Melbourne Swedish Community School Association,Toorak, , ,Melbourne Swedish Community School,3142,-37.839209,145.018739
619,620,Mount Martha School of Dance,Mount Martha, , ,Mount Martha School of Dance,3934,-38.2598282,145.0289083
620,621,Nestoras College Doncaster,Doncaster, , ,Nestoras Greek College Doncaster,3108,-37.7837172,145.1381164
621,622,New Chinese Language and Culture School Thornbury,Thornbury, , ,新金山文化学校 New Chinese Language and Culture School,3128,-37.81748169999999,145.1255535
622,623,Omiros College Pascoe Vale South,Pascoe Vale South, , ,Omiros College,3056,-37.7720507,144.9607964
623,624,Peninsula Grammar Heze No 1 Middle School,"Shandong, China", , ,Peninsula Grammar,3930,-38.1978164,145.0923449
624,625,Peninsula Grammar Nanjing Experimental School,"Nanjing, China", , ,Peninsula Grammar,3930,-38.1978164,145.0923449
625,626,Peninsula Grammar Pudong Foreign Language School,"Shanghai, China", , ,Peninsula Grammar,3930,-38.1978164,145.0923449
626,627,Peninsula Grammar Taixing No 1 Senior High School,"Taixing, China", , ,Peninsula Grammar,3930,-38.1978164,145.0923449
627,628,Peninsula Grammar Zhengzhou Foreign Language School,"Zhengzhou, China", , ,Peninsula Grammar,3930,-38.1978164,145.0923449
628,629,Peninsula International School Australia Malaysia Campus,"Selangor, Malaysia", , ,Peninsula International School Australia,Not Found,3.1140018,101.4533007
629,630,Pythagoras Greek School,Brighton, , ,Pythagoras Greek School,3186,-37.8976257,145.005086
630,631,Serbian Ethnic School Vuk Karadzic,St Albans, , ,Ethnic Schools Association Of Victoria,3053,-37.7989948,144.9681103
631,632,Sholem Aleichem College,Elsternwick, , ,Sholem Aleichem College,3185,-37.8824095,145.0011466
632,633,Springvale Indo-Chinese Ethnic School Inc.,Springvale South, , ,Springvale Chinese Ethnic School,3171,-37.9583646,145.1395446
633,634,Stonnington School of Dance,Murrumbeena, , ,Stonnington School of Dance,3163,-37.8907459,145.0664691
634,635,The Pushkin Lyceum Russian Community School,Elwood, , ,Russian Language School Pushkin Lyceum,3184,-37.8820981,144.9846335
635,636,Thomas Carr College Hailiang Foreign Language School,"Zhejiang, China", , ,Thomas Carr College,3029,-37.8476506,144.700921
636,637,Thomas Carr College Wenzhou No 21 Middle School,"Wenzhou, China", , ,Thomas Carr College,3029,-37.8476506,144.700921
637,638,Victorian Tamil Association,Glen Waverley, , ,Victorian Tamil Community Centre,3175,-37.9981603,145.2222626
638,639,Victorian Virtual Learning Network,Bendigo, , ,Victorian School of Languages: Altona North Centre,3025,-37.8357269,144.8449998
639,640,VSL Altona North-Footscray-Sunshine-Ballarat,Thornbury, , ,Victorian School of Languages,3130,-37.81049429999999,145.1495305
640,641,VSL Box Hill-Blackburn-Doncaster,Thornbury, , ,Victorian School of Languages,3130,-37.81049429999999,145.1495305
641,642,VSL Creekside-Melton,Thornbury, , ,Victorian School of Languages,3130,-37.81049429999999,145.1495305
642,643,VSL Croydon-Shepparton-Bendigo-Warrnambool,Thornbury, , ,Victorian School of Languages,3071,-37.7615702,145.0257925
643,644,VSL Dandenong-Hampton Park-Berwick,Thornbury, , ,Victorian School of Languages,3071,-37.7615702,145.0257925
644,645,VSL Distance Education,Thornbury, , ,Victorian School of Languages,3130,-37.81049429999999,145.1495305
645,646,VSL Glen Waverley-Carwatha-Mildura,Thornbury, , ,Victorian School of Languages: Keilor Downs Centre,3038,-37.7160167,144.811464
646,647,VSL Keilor Downs-Craigieburn-Taylors Lakes,Thornbury, , ,,,0.0,0.0
647,648,VSL North Geelong-Matthew Flinders-Werribee-Point Cook,Thornbury, , ,Matthew Flinders Girls Secondary College,3220,-38.1491888,144.3534086
648,649,VSL Thomastown-Lalor-Roxburgh Park-Epping,Thornbury, , ,Victorian School of Languages: Lalor Centre,3075,-37.6729349,145.029497
649,650,VSL Traralgon-Brentwood-Haileybury-Mentone,Thornbury, , ,Victorian School of Languages: Brentwood Centre,3150,-37.8975473,145.168616
650,651,VSL University-Brunswick-Collingwood,Thornbury, , ,Victorian School of Languages,3071,-37.7615702,145.0257925
651,652,VSL Westall-South Oakleigh-McKinnon,Thornbury, , ,Victorian School of Languages: McKinnon Centre,3204,-37.9121422,145.0486533
652,653,Western Chinese Language School Braybrook,Braybrook, , ,Western English Language School - Braybrook Campus,3019,-37.7911394,144.8540071
653,654,Xin Jin Shan Chinese Language and Culture School,Mount Waverley, , ,新金山中文学校 Xin Jin Shan Chinese Language and Culture School Inc.,3149,-37.875678,145.128057
