,rank,School_Name,Location,MedianVCE Score,VCE40+%,Education_Sector,School_Type,Postal_Postcode,X,Y
0,1,Haileybury Girls College,Keysborough,37,37.2,Independent,Pri/Sec,3173,145.14477,-37.99555
1,2,Bialik College,Hawthorn East,37,32.6,Independent,Pri/Sec,3122,145.04337,-37.84227
2,3,Ballarat Clarendon College,Ballarat,37,32.5,Independent,Pri/Sec,3350,143.83365,-37.55965
3,5,Huntingtower School,Mount Waverley,37,31.6,Independent,Pri/Sec,3149,145.13629,-37.87674
4,7,Leibler Yavneh College,Elsternwick,37,29.4,Independent,Pri/Sec,3162,145.00663,-37.89287
5,9,Mount Scopus Memorial College,Burwood,36,31.9,Independent,Pri/Sec,3125,145.11777,-37.84722
6,17,The King David School,Armadale,36,26.8,Independent,Pri/Sec,3144,145.0105,-37.85823
7,18,Haileybury College,Keysborough,35,29.2,Independent,Pri/Sec,3173,145.14643,-37.99598
8,21,Loreto Mandeville Hall,Toorak,35,24.7,Catholic,Pri/Sec,3142,145.01489,-37.84819
9,22,Melbourne Grammar School,Melbourne,35,24.5,Independent,Pri/Sec,3004,144.97709,-37.83359
10,23,Camberwell Girls Grammar School,Canterbury,35,24.1,Independent,Pri/Sec,3126,145.0597,-37.81821
11,27,Lowther Hall Anglican Grammar School,Essendon,35,19.9,Independent,Pri/Sec,3040,144.91497,-37.75991
12,28,John Monash Science School,Clayton,35,18.7,Government,Secondary,3800,145.12869,-37.91422
13,29,Sacre Coeur,Glen Iris,35,18.6,Catholic,Pri/Sec,3146,145.05157,-37.86175
14,30,Yeshivah College,St Kilda East,35,14.3,Independent,Pri/Sec,3183,145.00034,-37.86812
15,33,Beth Rivkah Ladies College,St Kilda East,34,20.9,Independent,Pri/Sec,3183,145.00084,-37.86928
16,34,Scotch College,Hawthorn,34,20.9,Independent,Pri/Sec,3122,145.03229,-37.83392
17,35,Mentone Grammar School,Mentone,34,19.9,Independent,Pri/Sec,3194,145.06812,-37.98769
18,41,Melbourne Girls Grammar,South Yarra,34,18.4,Independent,Pri/Sec,3141,144.9848,-37.83169
19,43,Firbank Grammar School,Brighton,34,18.1,Independent,Pri/Sec,3186,144.99694,-37.90612
20,45,Brighton Grammar School,Brighton,34,17.7,Independent,Pri/Sec,3186,144.99352,-37.91111
21,46,Goulburn Valley Grammar School,Shepparton,34,17.4,Independent,Pri/Sec,3632,145.41558,-36.32748
22,47,Carey Baptist Grammar School,Kew,34,17.2,Independent,Pri/Sec,3101,145.04782,-37.81478
23,51,Kilvington Grammar School,Ormond,34,14.5,Independent,Pri/Sec,3204,145.04122,-37.89952
24,52,Toorak College,Mount Eliza,34,14.3,Independent,Pri/Sec,3930,145.09346,-38.17226
25,54,Girton Grammar School,Bendigo,33,18.2,Independent,Pri/Sec,3550,144.27088,-36.76197
26,55,Star of the Sea College,Brighton,33,17.6,Catholic,Secondary,3186,144.99678,-37.89673
27,56,Camberwell Grammar School,Canterbury,33,17.1,Independent,Pri/Sec,3103,145.06641,-37.81609
28,57,East Doncaster Secondary College,Doncaster East,33,16.7,Government,Secondary,3109,145.15856,-37.78213
29,58,The Knox School,Wantirna South,33,16.1,Independent,Pri/Sec,3152,145.2192,-37.86547
30,59,Melbourne Girls College,Richmond,33,16,Government,Secondary,3121,145.01433,-37.82251
31,60,The Geelong College,Newtown,33,15.6,Independent,Pri/Sec,3220,144.34009,-38.15242
32,62,Waverley Christian College,Wantirna South,33,14.8,Independent,Pri/Sec,3133,145.2153,-37.88014
33,63,Peninsula Grammar,Mount Eliza,33,14.7,Independent,Pri/Sec,3930,145.09069,-38.19817
34,64,Canterbury Girls Secondary College,Canterbury,33,13.7,Government,Secondary,3126,145.0691,-37.82029
35,65,Westbourne Grammar School,Truganina,33,13.4,Independent,Primary,3030,144.89493,-37.85019
36,65,Westbourne Grammar School,Truganina,33,13.4,Independent,Pri/Sec,3030,144.7249,-37.85084
37,66,Xavier College,Kew,33,13.1,Catholic,Pri/Sec,3101,145.0311,-37.81386
38,67,St Andrews Christian College,Wantirna South,33,12.3,Independent,Pri/Sec,3152,145.24464,-37.87387
39,69,Ashwood High School,Ashwood,33,10.8,Government,Secondary,3147,145.10333,-37.86453
40,70,East Loddon P-12 College,Dingee,33,9.5,Government,Pri/Sec,3571,144.14145,-36.37222
41,71,Wycheproof P-12 College,Wycheproof,33,9.1,Government,Pri/Sec,3527,143.2291,-36.0757
42,72,Apollo Bay P-12 College,Apollo Bay,33,5.4,Government,Pri/Sec,3233,143.66051,-38.75352
43,73,Mernda Central P-12 College,Mernda,33,5.3,Government,Pri/Sec,3754,145.08833,-37.60485
44,74,Balwyn High School,Balwyn North,32,16.9,Government,Secondary,3104,145.07677,-37.79786
45,75,Melbourne Rudolf Steiner School,Warranwood,32,13.8,Independent,Pri/Sec,3134,145.24881,-37.77722
46,77,Box Hill High School,Box Hill,32,13.1,Government,Secondary,3128,145.13721,-37.82
47,79,Mater Christi College,Belgrave,32,12.7,Catholic,Secondary,3160,145.35889,-37.91064
48,81,McKinnon Secondary College,McKinnon,32,12.6,Government,Secondary,3204,145.04854,-37.9122
49,82,Glen Waverley Secondary College,Glen Waverley,32,12.5,Government,Secondary,3150,145.16211,-37.8781
50,83,Kardinia International College,Bell Post Hill,32,11.9,Independent,Pri/Sec,3215,144.328,-38.10988
51,84,Kingswood College,Box Hill,32,11.5,Independent,Pri/Sec,3128,145.11863,-37.83278
52,85,Braemar College,Woodend,32,11.4,Independent,Pri/Sec,3442,144.57598,-37.36383
53,87,Mazenod College,Mulgrave,32,11,Catholic,Secondary,3170,145.16614,-37.9152
54,88,Santa Maria College,Northcote,32,10.8,Catholic,Secondary,3070,145.00248,-37.77036
55,89,St Aloysius College,North Melbourne,32,10.8,Catholic,Secondary,3051,144.94287,-37.79289
56,90,Geelong Grammar School,Corio,32,10.6,Independent,Pri/Sec,3214,144.39907,-38.06882
57,92,Williamstown High School,Williamstown,32,10,Government,Secondary,3016,144.89502,-37.86286
58,93,Our Lady of Mercy College,Heidelberg,32,9.8,Catholic,Secondary,3084,145.06759,-37.75793
59,95,Luther College,Croydon Hills,32,9.5,Independent,Secondary,3136,145.27291,-37.78296
60,96,Cranbourne East Secondary College,Cranbourne East,32,9.4,Government,Secondary,3977,145.30603,-38.10494
61,97,Donvale Christian College,Donvale,32,9.4,Independent,Pri/Sec,3111,145.19345,-37.77403
62,98,Our Lady of Sion College,Box Hill,32,9.3,Catholic,Secondary,3129,145.12992,-37.81835
63,99,Oxley Christian College,Chirnside Park,32,9.2,Independent,Pri/Sec,3140,145.30513,-37.76357
64,100,Koonung Secondary College,Mont Albert North,32,9.1,Government,Secondary,3129,145.11756,-37.80219
65,103,Princes Hill Secondary College,Princes Hill,32,8.5,Government,Secondary,3054,144.96503,-37.78348
66,104,Balcombe Grammar School,Mount Martha,32,8.4,Independent,Pri/Sec,3934,145.03269,-38.27325
67,105,Woodleigh School,Langwarrin South,32,8.2,Independent,Pri/Sec,3911,145.17465,-38.1926
68,106,Avila College,Mount Waverley,32,7.2,Catholic,Secondary,3149,145.13326,-37.87467
69,107,Maranatha Christian School,Endeavour Hills,32,6.8,Independent,Pri/Sec,3802,145.27803,-37.97092
70,108,Narre Warren South P-12 College,Narre Warren South,32,6.1,Government,Pri/Sec,3805,145.28508,-38.04973
71,109,Little Yarra Steiner School,Yarra Junction,32,5.6,Independent,Pri/Sec,3797,145.63116,-37.79444
72,111,Derrinallum P-12 College,Derrinallum,32,0,Government,Pri/Sec,3325,143.21674,-37.93959
73,112,Boort District P-12 School,Boort,31,15.6,Government,Pri/Sec,3537,143.72695,-36.11022
74,113,University High School,Parkville,31,13.3,Government,Secondary,3052,144.95538,-37.79698
75,114,Lighthouse Christian College Cranbourne,Cranbourne,31,12.4,Independent,Pri/Sec,3977,145.3073,-38.14
76,115,Braybrook College,Braybrook,31,12.3,Government,Secondary,3019,144.84754,-37.77826
77,117,Loreto College,Ballarat,31,10.9,Catholic,Secondary,3350,143.82347,-37.55686
78,118,Auburn High School,Hawthorn East,31,10.6,Government,Secondary,3123,145.04507,-37.83988
79,119,De La Salle College,Malvern,31,10.3,Catholic,Pri/Sec,3144,145.03218,-37.85768
80,120,Northcote High School,Northcote,31,10.3,Government,Secondary,3070,144.98971,-37.77416
81,121,Corryong College,Corryong,31,10,Government,Pri/Sec,3707,147.91076,-36.19294
82,122,Frankston High School,Frankston,31,10,Government,Secondary,3199,145.12895,-38.16219
83,123,Kilbreda College,Mentone,31,9.9,Catholic,Secondary,3194,145.06571,-37.98415
84,124,Vermont Secondary College,Vermont,31,9.8,Government,Secondary,3133,145.1997,-37.84412
85,125,Newhaven College,Rhyll,31,9.6,Independent,Pri/Sec,3923,145.27232,-38.48834
86,126,Southern Cross Grammar,Caroline Springs,31,9.6,Independent,Pri/Sec,3023,144.7396,-37.71396
87,127,Dromana Secondary College,Dromana,31,9.5,Government,Secondary,3936,145.01358,-38.34264
88,128,Foster Secondary College,Foster,31,9.5,Government,Secondary,3960,146.19741,-38.65174
89,131,Bacchus Marsh Grammar,Bacchus Marsh,31,9.1,Independent,Pri/Sec,3340,144.43159,-37.69027
90,133,Salesian College Chadstone,Chadstone,31,8.5,Catholic,Secondary,3148,145.10026,-37.88273
91,134,Casey Grammar School,Cranbourne East,31,8.3,Independent,Pri/Sec,3977,145.2929,-38.1103
92,139,Altona College,Altona,31,7.7,Government,Pri/Sec,3018,144.81864,-37.86191
93,141,Gippsland Grammar,Sale,31,7.6,Independent,Pri/Sec,3853,147.06463,-38.09365
94,142,Aquinas College,Ringwood,31,7.5,Catholic,Secondary,3134,145.23494,-37.82306
95,145,Darul Ulum College of Victoria,Fawkner,31,6.8,Independent,Pri/Sec,3060,144.97169,-37.70518
96,147,Kambrya College,Berwick,31,6.4,Government,Secondary,3806,145.34741,-38.05369
97,148,Dimboola Memorial Secondary College,Dimboola,31,6.3,Government,Secondary,3414,142.03441,-36.44984
98,149,Islamic College of Melbourne,Tarneit,31,5.9,Independent,Pri/Sec,3029,144.66038,-37.85424
99,151,Ave Maria College,Aberfeldie,31,5.8,Catholic,Secondary,3040,144.89796,-37.75662
100,152,Hillcrest Christian College,Clyde North,31,5.8,Independent,Pri/Sec,3978,145.3638,-38.08468
101,153,Billanook College,Mooroolbark,31,5.4,Independent,Pri/Sec,3138,145.33887,-37.78785
102,154,Glen Eira College,Caulfield East,31,5.2,Government,Secondary,3145,145.03801,-37.8857
103,155,Alphington Grammar School,Alphington,31,5,Independent,Pri/Sec,3078,145.03617,-37.78043
104,157,The Hamilton and Alexandra College,Hamilton,31,3.7,Independent,Pri/Sec,3300,142.02421,-37.7372
105,159,Mallacoota P-12 College,Mallacoota,31,2.6,Government,Pri/Sec,3892,149.7543,-37.55943
106,160,Cobden Technical School,Cobden,31,0,Government,Secondary,3266,143.06361,-38.32404
107,161,Sherbrooke Community School,Sassafras,30,20,Government,Pri/Sec,3787,145.34944,-37.86824
108,162,Holy Trinity Lutheran College,Horsham,30,19.3,Independent,Pri/Sec,3402,142.21775,-36.70818
109,163,Hopetoun P-12 College,Hopetoun,30,13.3,Government,Pri/Sec,3396,142.36603,-35.73487
110,164,Victory Lutheran College,Wodonga,30,11.3,Independent,Pri/Sec,3689,146.84528,-36.11673
111,165,Covenant College,Bell Post Hill,30,9.6,Independent,Pri/Sec,3221,144.318,-38.09719
112,166,Kerang Technical High School,Kerang,30,9.3,Government,Secondary,3579,143.9138,-35.72565
113,167,Brunswick Secondary College,Brunswick,30,9.2,Government,Secondary,3056,144.95501,-37.7709
114,168,Albert Park College,Albert Park,30,9,Government,Secondary,3206,144.94736,-37.84479
115,170,Marcellin College,Bulleen,30,8.5,Catholic,Secondary,3105,145.08268,-37.77478
116,172,Kew High School,Kew East,30,8.3,Government,Secondary,3102,145.06336,-37.79555
117,173,Mount Waverley Secondary College,Mount Waverley,30,8.3,Government,Secondary,3149,145.13231,-37.86909
118,174,St Albans Secondary College,St Albans,30,8.2,Government,Secondary,3021,144.80841,-37.74553
119,175,Donald High School,Donald,30,7.7,Government,Secondary,3480,142.97396,-36.37078
120,176,Emmaus College,Vermont South,30,7.7,Catholic,Secondary,3133,145.17411,-37.84779
121,177,Camberwell High School,Canterbury,30,7.6,Government,Secondary,3126,145.07282,-37.83015
122,178,Parkdale Secondary College,Mordialloc,30,7.5,Government,Secondary,3195,145.0935,-37.9903
123,179,Simonds Catholic College,Fitzroy North,30,7.3,Catholic,Secondary,3003,144.95288,-37.80597
124,180,Belgrave Heights Christian School,Belgrave Heights,30,7.2,Independent,Pri/Sec,3160,145.34623,-37.9189
125,181,Strathmore Secondary College,Strathmore,30,7.2,Government,Secondary,3041,144.92664,-37.73695
126,182,Tintern Grammar,Ringwood East,30,7.2,Independent,Pri/Sec,3135,145.25669,-37.81552
127,183,Mentone Girls Secondary College,Mentone,30,7.1,Government,Secondary,3194,145.0535,-37.98018
128,184,Ringwood Secondary College,Ringwood,30,7,Government,Secondary,3134,145.23915,-37.81661
129,185,Lighthouse Christian College,Keysborough,30,6.6,Independent,Pri/Sec,3173,145.1435,-38.0012
130,186,Templestowe College,Templestowe Lower,30,6.6,Government,Secondary,3107,145.12231,-37.76743
131,187,Academy of Mary Immaculate,Fitzroy,30,6.5,Catholic,Secondary,3065,144.97441,-37.80371
132,188,Mount Eliza Secondary College,Mount Eliza,30,6.5,Government,Secondary,3930,145.09354,-38.1897
133,189,Northside Christian College,Bundoora,30,6.5,Independent,Pri/Sec,3083,145.05467,-37.69501
134,190,Parade College,Bundoora,30,6.5,Catholic,Secondary,3083,145.06698,-37.69018
135,192,Highvale Secondary College,Glen Waverley,30,6.3,Government,Secondary,3150,145.17682,-37.86541
136,193,Swifts Creek P-12 School,Swifts Creek,30,6.3,Government,Pri/Sec,3896,147.72403,-37.26684
137,194,Geelong Lutheran College,Armstrong Creek,30,6.2,Independent,Pri/Sec,3220,144.33707,-38.23046
138,195,Bayside Christian College,Langwarrin South,30,6,Independent,Pri/Sec,3199,145.16302,-38.17863
139,196,Killester College,Springvale,30,6,Catholic,Secondary,3171,145.15202,-37.95907
140,198,Sandringham College,Sandringham,30,5.9,Government,Secondary,3191,145.02303,-37.95671
141,200,Nazareth College,Noble Park North,30,5.6,Catholic,Secondary,3170,145.19546,-37.94023
142,201,Cheltenham Secondary College,Cheltenham,30,5.5,Government,Secondary,3189,145.06868,-37.95376
143,202,Hume Anglican Grammar,Mickleham,30,5.3,Independent,Pri/Sec,3064,144.93125,-37.56798
144,204,Loyola College,Watsonia,30,5.1,Catholic,Secondary,3087,145.08073,-37.7034
145,206,Al Siraat College,Epping,30,4.6,Independent,Pri/Sec,3076,145.03753,-37.62426
146,208,Holmes Grammar School,Melbourne,30,4.4,Independent,Secondary,3000,144.97227,-37.8103
147,209,MacKillop Catholic Regional College,Werribee,30,4.3,Catholic,Secondary,3030,144.6651,-37.9095
148,210,Horsham College,Horsham,30,4.1,Government,Secondary,3402,142.1841,-36.71166
149,211,Marymede Catholic College,South Morang,30,4.1,Catholic,Pri/Sec,3752,145.09103,-37.64332
150,213,Mount Lilydale Mercy College,Lilydale,30,4,Catholic,Secondary,3140,145.35775,-37.75076
151,214,Viewbank College,Viewbank,30,3.9,Government,Secondary,3084,145.08659,-37.7412
152,216,Cornish College,Bangholme,30,3.2,Independent,Pri/Sec,3175,145.14876,-38.0492
153,217,Tyrrell College,Sea Lake,30,3.1,Government,Pri/Sec,3533,142.85352,-35.50928
154,218,Oberon High School,Armstrong Creek,30,3,Government,Secondary,3216,144.36414,-38.23176
155,221,Sunbury Downs Secondary College,Sunbury,30,2.7,Government,Secondary,3429,144.70448,-37.58401
156,222,Birchip P-12 School,Birchip,30,2.4,Government,Pri/Sec,3483,142.90994,-35.98438
157,223,Bannockburn P-12 College,Bannockburn,30,0,Government,Pri/Sec,3331,144.16067,-38.042
158,226,Casterton Secondary College,Casterton,29,10.5,Government,Secondary,3311,141.38749,-37.5888
159,227,Beechworth Secondary College,Beechworth,29,9.1,Government,Secondary,3747,146.69076,-36.34722
160,229,Brighton Secondary College,Brighton East,29,7.6,Government,Secondary,3187,145.01912,-37.92016
161,230,Mansfield Secondary College,Mansfield,29,7.1,Government,Secondary,3724,146.08856,-37.06268
162,231,Daylesford Secondary College,Daylesford,29,6.7,Government,Secondary,3460,144.15185,-37.33467
163,232,Elwood College,Elwood,29,6.7,Government,Secondary,3184,144.9852,-37.88232
164,233,Berwick Secondary College,Berwick,29,6.4,Government,Secondary,3806,145.36544,-38.0314
165,234,Buckley Park College,Essendon,29,6.3,Government,Secondary,3040,144.89775,-37.74712
166,235,Thornbury High School,Thornbury,29,6.3,Government,Secondary,3071,145.02521,-37.75649
167,237,Padua College,Mornington,29,6.1,Catholic,Secondary,3931,145.072,-38.21826
168,238,Clonard College,Herne Hill,29,5.9,Catholic,Secondary,3218,144.33048,-38.13008
169,240,Brentwood Secondary College,Glen Waverley,29,5.7,Government,Secondary,3150,145.16634,-37.89951
170,241,Rosehill Secondary College,Niddrie,29,5.4,Government,Secondary,3042,144.88618,-37.74668
171,242,Doncaster Secondary College,Doncaster,29,5.3,Government,Secondary,3108,145.13805,-37.78458
172,243,Mercy College,Coburg,29,5.2,Catholic,Secondary,3058,144.96456,-37.7304
173,244,Blackburn High School,Blackburn,29,5.1,Government,Secondary,3130,145.14989,-37.81037
174,247,Maribyrnong Secondary College,Maribyrnong,29,4.9,Government,Secondary,3032,144.88824,-37.77952
175,250,Werribee Secondary College,Werribee,29,4.9,Government,Secondary,3030,144.66874,-37.90554
176,251,Emerald Secondary College,Emerald,29,4.8,Government,Secondary,3782,145.45874,-37.92427
177,252,Emmanuel College Warrnambool,Warrnambool,29,4.7,Catholic,Secondary,3280,142.47736,-38.37099
178,253,Footscray High School,Footscray,29,4.6,Government,Secondary,3011,144.89376,-37.79104
179,254,Heatherton Christian College,Clarinda,29,4.6,Independent,Pri/Sec,3169,145.11136,-37.95784
180,259,Oakleigh Grammar,Oakleigh,29,4.4,Independent,Pri/Sec,3166,145.08282,-37.89591
181,260,Montmorency Secondary College,Montmorency,29,4.3,Government,Secondary,3094,145.11361,-37.71408
182,261,St Francis Xavier College,Beaconsfield,29,4.3,Catholic,Secondary,3807,145.37311,-38.052
183,262,Heathdale Christian College,Werribee,29,4,Independent,Pri/Sec,3030,144.68133,-37.88132
184,263,John Paul College,Frankston,29,4,Catholic,Secondary,3199,145.13887,-38.13557
185,265,Fitzroy High School,Fitzroy North,29,3.7,Government,Secondary,3068,144.98748,-37.78491
186,266,Eltham High School,Eltham,29,3.6,Government,Secondary,3095,145.14172,-37.72444
187,267,McClelland Secondary College,Frankston,29,3.6,Government,Secondary,3199,145.15845,-38.14632
188,269,Alkira Secondary College,Cranbourne North,29,3.5,Government,Secondary,3805,145.30872,-38.07313
189,270,St Helena Secondary College,Eltham North,29,3.5,Government,Secondary,3095,145.13991,-37.68687
190,272,Homestead Senior Secondary College,Point Cook,29,3.3,Government,Secondary,3030,144.76689,-37.91615
191,274,Woodmans Hill Secondary College,Ballarat East,29,2.8,Government,Secondary,3354,143.89228,-37.55912
192,275,Drouin Secondary College,Drouin,29,1.8,Government,Secondary,3818,145.85098,-38.14466
193,277,Plenty Valley Christian College,Doreen,29,1.7,Independent,Pri/Sec,3754,145.13879,-37.61346
194,279,Mount Rowan Secondary College,Wendouree,29,0,Government,Secondary,3355,143.83447,-37.51922
195,280,Red Rock Christian College,Sunbury,29,0,Independent,Pri/Sec,3429,144.70602,-37.5191
196,283,Wedderburn College,Wedderburn,29,0,Government,Pri/Sec,3518,143.61877,-36.41702
197,285,Wangaratta High School,Wangaratta,28,7,Government,Secondary,3676,146.30772,-36.3449
198,286,Mordialloc College,Mordialloc,28,6.7,Government,Secondary,3195,145.09268,-38.01224
199,287,Charlton College,Charlton,28,6.5,Government,Pri/Sec,3525,143.35963,-36.27031
200,288,Maffra Secondary College,Maffra,28,6.5,Government,Secondary,3860,146.98242,-37.96489
201,289,Matthew Flinders Girls Secondary College,Geelong,28,6.3,Government,Secondary,3220,144.35321,-38.14959
202,290,Catherine McAuley College,Bendigo,28,6.2,Catholic,Secondary,3550,144.27336,-36.75344
203,292,Catholic College Sale,Sale,28,5.7,Catholic,Secondary,3850,147.06378,-38.10871
204,296,Mooroolbark College,Mooroolbark,28,5.1,Government,Secondary,3138,145.31423,-37.77508
205,297,Rosebud Secondary College,Rosebud,28,5.1,Government,Secondary,3939,144.88745,-38.36762
206,299,Victory Christian College,Strathdale,28,4.9,Independent,Pri/Sec,3550,144.31346,-36.78263
207,300,Gisborne Secondary College,Gisborne,28,4.8,Government,Secondary,3437,144.58477,-37.49811
208,301,Lavalla Catholic College,Traralgon,28,4.8,Catholic,Secondary,3844,146.51425,-38.2009
209,302,Wellington Secondary College,Mulgrave,28,4.8,Government,Secondary,3170,145.16938,-37.93447
210,303,Bright P-12 College,Bright,28,4.7,Government,Pri/Sec,3741,146.96093,-36.7331
211,305,Virtual School Victoria,Thornbury,28,4.7,Government,Pri/Sec,3071,145.0257,-37.76204
212,306,Gladstone Park Secondary College,Gladstone Park,28,4.4,Government,Secondary,3043,144.89,-37.68977
213,307,Norwood Secondary College,Ringwood,28,4.4,Government,Secondary,3134,145.2376,-37.79975
214,308,Belmont High School,Belmont,28,4.3,Government,Secondary,3216,144.33056,-38.17565
215,309,Caroline Chisholm Catholic College,Braybrook,28,4.3,Catholic,Secondary,3019,144.8501,-37.78586
216,310,St Mary MacKillop College,Swan Hill,28,4.2,Catholic,Secondary,3585,143.5568,-35.34192
217,311,Assumption College,Kilmore,28,4,Catholic,Secondary,3764,144.94763,-37.30101
218,312,Lyndhurst Secondary College,Cranbourne,28,4,Government,Secondary,3977,145.27103,-38.07539
219,313,Good News Lutheran College,Tarneit,28,3.9,Independent,Pri/Sec,3030,144.6666,-37.85525
220,315,Reservoir High School,Reservoir,28,3.9,Government,Secondary,3073,145.02977,-37.72226
221,316,Timboon P-12 School,Timboon,28,3.8,Government,Pri/Sec,3268,142.97589,-38.48406
222,317,Catholic College Wodonga,Wodonga,28,3.7,Catholic,Secondary,3689,146.86239,-36.12962
223,322,Monivae College,Hamilton,28,3.5,Catholic,Secondary,3300,142.04945,-37.74204
224,323,Hoppers Crossing Secondary College,Hoppers Crossing,28,3.3,Government,Secondary,3029,144.69536,-37.87122
225,324,Springside West Secondary College,Fraser Rise,28,3.3,Government,Secondary,3336,144.72787,-37.71569
226,325,Warracknabeal Secondary College,Warracknabeal,28,3.3,Government,Secondary,3393,142.38941,-36.26275
227,327,Wantirna College,Wantirna,28,3.2,Government,Secondary,3152,145.22997,-37.8576
228,328,Lalor Secondary College,Lalor,28,3.1,Government,Secondary,3075,145.03062,-37.67266
229,329,Salesian College Sunbury,Sunbury,28,3.1,Catholic,Secondary,3429,144.73903,-37.57264
230,331,Catholic Regional College Melton,Melton West,28,3,Catholic,Secondary,3337,144.55041,-37.67725
231,332,Copperfield College,Delahey,28,3,Government,Secondary,3037,144.77243,-37.71946
232,333,Damascus College,Mount Clear,28,3,Catholic,Secondary,3350,143.87035,-37.61146
233,334,Lyndale Secondary College,Dandenong North,28,2.9,Government,Secondary,3175,145.20671,-37.95876
234,335,Mornington Secondary College,Mornington,28,2.9,Government,Secondary,3931,145.05776,-38.21671
235,336,Gleneagles Secondary College,Endeavour Hills,28,2.8,Government,Secondary,3802,145.27656,-37.97461
236,337,Swinburne Senior Secondary College,Hawthorn,28,2.8,Government,Secondary,3122,145.04082,-37.82314
237,338,Aitken College,Greenvale,28,2.7,Independent,Pri/Sec,3059,144.8907,-37.62771
238,339,Mount Alexander 7-12 College,Flemington,28,2.7,Government,Secondary,3031,144.93324,-37.78215
239,341,Nagle College,Bairnsdale,28,2.6,Catholic,Secondary,3875,147.58766,-37.8371
240,344,Mirboo North Secondary College,Mirboo North,28,2.3,Government,Secondary,3871,146.14882,-38.40018
241,345,Trafalgar High School,Trafalgar,28,2.3,Government,Secondary,3824,146.1583,-38.21457
242,346,Bentleigh Secondary College,Bentleigh East,28,2.1,Government,Secondary,3165,145.0598,-37.92736
243,348,Beaufort Secondary College,Beaufort,28,2,Government,Secondary,3373,143.38249,-37.43884
244,350,Noble Park Secondary College,Noble Park,28,2,Government,Secondary,3174,145.18237,-37.97021
245,351,Ballarat High School,Ballarat,28,1.8,Government,Secondary,3355,143.81821,-37.55452
246,352,Epping Secondary College,Epping,28,1.8,Government,Secondary,3076,145.03343,-37.644
247,353,South Oakleigh Secondary College,Oakleigh South,28,1.8,Government,Secondary,3167,145.08977,-37.92232
248,355,Rochester Secondary College,Rochester,28,1.4,Government,Secondary,3561,144.6987,-36.35278
249,356,Bundoora Secondary College,Bundoora,28,1.3,Government,Secondary,3083,145.06198,-37.7075
250,357,Wheelers Hill Secondary College,Wheelers Hill,28,1.2,Government,Secondary,3150,145.18174,-37.91013
251,358,Forest Hill College,Burwood East,28,0.8,Government,Secondary,3151,145.16373,-37.84852
252,359,Bayview College,Portland,28,0,Independent,Secondary,3305,141.60595,-38.34523
253,360,Cobram Secondary College,Cobram,28,0,Government,Secondary,3644,145.65412,-35.9136
254,361,Edenhope College,Edenhope,28,0,Government,Pri/Sec,3318,141.29856,-37.03343
255,362,Edinburgh College,Lilydale,28,0,Independent,Pri/Sec,3140,145.35199,-37.78489
256,364,Monterey Secondary College,Frankston North,28,0,Government,Secondary,3200,145.14772,-38.12612
257,365,Murrayville Community College,Murrayville,28,0,Government,Pri/Sec,3512,141.17734,-35.26557
258,366,Myrtleford P-12 College,Myrtleford,28,0,Government,Pri/Sec,3736,146.72614,-36.54889
259,367,St Arnaud Secondary College,St Arnaud,28,0,Government,Secondary,3478,143.25094,-36.60955
260,369,St Thomas Aquinas College,Tynong,28,0,Independent,Pri/Sec,3813,145.62369,-38.08322
261,370,Mountain District Christian School,Monbulk,27,7.7,Independent,Pri/Sec,3793,145.45271,-37.85665
262,371,Cobram Anglican Grammar School,Cobram,27,6.3,Independent,Primary,3644,145.66006,-35.92428
263,372,Healesville High School,Healesville,27,5.2,Government,Secondary,3777,145.53081,-37.64359
264,375,Lorne P-12 College,Lorne,27,4.3,Government,Pri/Sec,3232,143.97389,-38.53918
265,376,Kerang Christian College,Kerang,27,4.2,Independent,Pri/Sec,3579,143.91342,-35.73042
266,377,Monbulk College,Monbulk,27,4,Government,Secondary,3793,145.42781,-37.88318
267,378,Phoenix P-12 Community College,Sebastopol,27,4,Government,Pri/Sec,3356,143.83351,-37.58661
268,379,Collingwood College,Collingwood,27,3.8,Government,Pri/Sec,3067,144.9905,-37.80298
269,380,North Geelong Secondary College,Geelong North,27,3.8,Government,Secondary,3215,144.34079,-38.10996
270,381,Westall Secondary College,Clayton South,27,3.8,Government,Secondary,3169,145.13658,-37.94031
271,382,Newcomb Secondary College,Newcomb,27,3.6,Government,Secondary,3219,144.3952,-38.17113
272,385,Lakeview Senior College,Caroline Springs,27,3.1,Government,Secondary,3023,144.74028,-37.73102
273,386,Carwatha College P-12,Noble Park,27,3,Government,Pri/Sec,3174,145.18873,-37.94284
274,387,Diamond Valley College,Diamond Creek,27,2.8,Government,Secondary,3089,145.1674,-37.67283
275,388,Hampton Park Secondary College,Hampton Park,27,2.8,Government,Secondary,3976,145.25988,-38.03486
276,389,Seymour College,Seymour,27,2.8,Government,Pri/Sec,3661,145.14112,-37.02984
277,390,William Ruthven Secondary College,Reservoir,27,2.7,Government,Secondary,3073,145.00277,-37.69667
278,392,Nhill College,Nhill,27,2.6,Government,Pri/Sec,3418,141.65886,-36.3326
279,393,Robinvale College,Robinvale,27,2.6,Government,Pri/Sec,3549,142.78155,-34.58889
280,395,Lilydale High School,Lilydale,27,2.4,Government,Secondary,3140,145.34392,-37.7607
281,396,Surf Coast Secondary College,Torquay,27,2.4,Government,Secondary,3228,144.32386,-38.30419
282,397,Point Cook Senior Secondary College,Point Cook,27,2.3,Government,Secondary,3030,144.73282,-37.88672
283,399,Hazel Glen College,Doreen,27,2.2,Government,Pri/Sec,3754,145.11937,-37.59755
284,400,St Mary of the Angels College,Nathalia,27,2.2,Catholic,Secondary,3638,145.20875,-36.05766
285,401,Sunshine College,Sunshine West,27,2.1,Government,Secondary,3020,144.81382,-37.79316
286,402,Thomas Carr College,Tarneit,27,2.1,Catholic,Secondary,3029,144.70206,-37.84768
287,403,Bellarine Secondary College,Drysdale,27,2,Government,Secondary,3222,144.55753,-38.19066
288,405,Marist College Bendigo,Maiden Gully,27,2,Catholic,Pri/Sec,3551,144.22169,-36.73171
289,406,Melba Secondary College,Croydon,27,2,Government,Secondary,3136,145.26202,-37.79552
290,407,Traralgon College,Traralgon,27,1.8,Government,Secondary,3844,146.51949,-38.19142
291,408,Mercy Regional College,Camperdown,27,1.4,Catholic,Secondary,3260,143.13956,-38.235
292,409,Scoresby Secondary College,Scoresby,27,1.4,Government,Secondary,3179,145.2362,-37.88864
293,410,Warrnambool College,Warrnambool,27,1.4,Government,Secondary,3280,142.49968,-38.37672
294,411,Leongatha Secondary College,Leongatha,27,1.3,Government,Secondary,3953,145.96124,-38.47869
295,412,Numurkah Secondary College,Numurkah,27,1.3,Government,Secondary,3636,145.44627,-36.07995
296,413,Upwey High School,Upwey,27,1.3,Government,Secondary,3158,145.33548,-37.90436
297,414,Melton Secondary College,Melton,27,1,Government,Secondary,3337,144.56822,-37.68175
298,415,Pascoe Vale Girls Secondary College,Pascoe Vale,27,1,Government,Secondary,3046,144.9355,-37.71756
299,417,Yarrawonga College P-12,Yarrawonga,27,0.9,Government,Pri/Sec,3730,146.00667,-36.02144
300,420,Mount Clear College,Mount Clear,27,0.3,Government,Secondary,3350,143.87667,-37.60796
301,421,Camperdown College,Camperdown,27,0,Government,Pri/Sec,3260,143.14544,-38.23973
302,422,Good Shepherd College,Hamilton,27,0,Independent,Pri/Sec,3300,142.04149,-37.77083
303,423,Orbost Secondary College,Orbost,27,0,Government,Secondary,3888,148.46635,-37.70411
304,424,Rainbow P-12 College,Rainbow,27,0,Government,Pri/Sec,3424,141.9967,-35.89447
305,425,Somerville Secondary College,Somerville,27,0,Government,Secondary,3912,145.1686,-38.22726
306,426,Sydney Road Community School,Brunswick,27,0,Government,Secondary,3056,144.96188,-37.76969
307,427,Lakes Entrance Secondary College,Lakes Entrance,26,5.2,Government,Secondary,3909,147.99841,-37.87134
308,428,Al Iman College,Melton South,26,3.9,Independent,Pri/Sec,3338,144.56548,-37.70712
309,430,Taylors Lakes Secondary College,Taylors Lakes,26,3.6,Government,Secondary,3038,144.7944,-37.70741
310,431,Notre Dame College,Shepparton,26,3.2,Catholic,Secondary,3630,145.40764,-36.37471
311,432,Sunbury College,Sunbury,26,3.2,Government,Secondary,3429,144.72867,-37.57428
312,433,Rowville Secondary College,Rowville,26,3.1,Government,Secondary,3178,145.23709,-37.92389
313,436,Thomastown Secondary College,Thomastown,26,2.9,Government,Secondary,3074,145.00194,-37.67872
314,437,Bairnsdale Secondary College,Bairnsdale,26,2.8,Government,Secondary,3875,147.605,-37.82871
315,439,Kurunjang Secondary College,Melton,26,2.6,Government,Secondary,3337,144.58596,-37.67291
316,441,Penola Catholic College,Broadmeadows,26,2.3,Catholic,Secondary,3046,144.91826,-37.68786
317,442,Elisabeth Murdoch College,Langwarrin,26,2,Government,Secondary,3910,145.19018,-38.15929
318,443,Bendigo Senior Secondary College,Bendigo,26,1.9,Government,Secondary,3552,144.27928,-36.7553
319,444,Cohuna Secondary College,Cohuna,26,1.9,Government,Secondary,3568,144.22642,-35.8135
320,446,Mildura Senior College,Mildura,26,1.7,Government,Secondary,3502,142.14539,-34.198
321,447,Geelong High School,East Geelong,26,1.5,Government,Secondary,3219,144.37373,-38.15303
322,448,Koo Wee Rup Secondary College,Koo Wee Rup,26,1.5,Government,Secondary,3981,145.49578,-38.19709
323,449,Kyneton High School,Kyneton,26,1.5,Government,Secondary,3444,144.45817,-37.25133
324,450,Kolbe Catholic College,Greenvale Lakes,26,1.4,Catholic,Secondary,3064,144.90947,-37.61532
325,451,Melton Christian College,Melton South,26,1.4,Independent,Pri/Sec,3337,144.56028,-37.70028
326,452,Swan Hill College,Swan Hill,26,1.4,Government,Secondary,3585,143.55285,-35.33523
327,454,Staughton College,Melton South,26,1.3,Government,Secondary,3338,144.56869,-37.70836
328,455,Mount Beauty Secondary College,Mount Beauty,26,1.2,Government,Secondary,3699,147.16728,-36.74031
329,456,Patterson River Secondary College,Seaford,26,1.2,Government,Secondary,3198,145.13474,-38.0835
330,457,Echuca College,Echuca,26,1.1,Government,Secondary,3564,144.73242,-36.13239
331,458,Heathmont College,Heathmont,26,1.1,Government,Secondary,3135,145.2321,-37.83843
332,459,Greensborough Secondary College,Greensborough,26,1,Government,Secondary,3088,145.09125,-37.70849
333,460,Alexandra Secondary College,Alexandra,26,0.8,Government,Secondary,3714,145.70148,-37.19449
334,461,Korumburra Secondary College,Korumburra,26,0.8,Government,Secondary,3950,145.8039,-38.44387
335,462,Officer Secondary College,Officer,26,0.8,Government,Secondary,3809,145.41097,-38.07202
336,464,Castlemaine Secondary College,Castlemaine,26,0.7,Government,Secondary,3450,144.22755,-37.05044
337,465,Yarram Secondary College,Yarram,26,0.7,Government,Secondary,3971,146.68546,-38.56658
338,466,Yea High School,Yea,26,0.7,Government,Secondary,3717,145.40854,-37.21501
339,467,Maryborough Education Centre,Maryborough,26,0.6,Government,Pri/Sec,3465,143.72287,-37.04216
340,468,Pakenham Secondary College,Pakenham,26,0.6,Government,Secondary,3810,145.471,-38.069
341,469,Macleod College,Macleod,26,0.4,Government,Pri/Sec,3085,145.07222,-37.72475
342,470,Bayswater Secondary College,Bayswater,26,0,Government,Secondary,3153,145.262,-37.83903
343,471,Cann River P-12 College,Cann River,26,0,Government,Pri/Sec,3890,149.15302,-37.5697
344,473,Sale College,Sale,26,0,Government,Secondary,3850,147.06801,-38.10892
345,474,Tallangatta Secondary College,Tallangatta,26,0,Government,Secondary,3700,147.17267,-36.22044
346,475,Roxburgh College,Roxburgh Park,25,3,Government,Secondary,3062,144.93033,-37.63041
347,477,Bacchus Marsh College,Bacchus Marsh,25,2.4,Government,Secondary,3340,144.43306,-37.68563
348,478,Warrandyte High School,Warrandyte,25,2.2,Government,Secondary,3113,145.18422,-37.74827
349,479,Benalla P-12 College,Benalla,25,2,Government,Pri/Sec,3672,145.96385,-36.55337
350,481,Mount Ridley P-12 College,Craigieburn,25,2,Government,Pri/Sec,3064,144.92319,-37.58031
351,482,Lowanna College,Newborough,25,1.6,Government,Secondary,3825,146.28598,-38.17668
352,483,Broadford Secondary College,Broadford,25,1.3,Government,Secondary,3658,145.04003,-37.20438
353,486,Fairhills High School,Knoxfield,25,1,Government,Secondary,3156,145.25904,-37.87321
354,487,Cranbourne Secondary College,Cranbourne,25,0.7,Government,Secondary,3977,145.28614,-38.10759
355,488,Yarra Hills Secondary College,Mooroolbark,25,0.6,Government,Secondary,3138,145.31618,-37.78934
356,489,Lalor North Secondary College,Epping,25,0.5,Government,Secondary,3076,145.03412,-37.66077
357,490,Whittlesea Secondary College,Whittlesea,25,0.5,Government,Secondary,3757,145.12018,-37.51505
358,491,Fountain Gate Secondary College,Narre Warren,25,0.3,Government,Secondary,3803,145.29538,-38.00528
359,492,Portland Secondary College,Portland,25,0.3,Government,Secondary,3305,141.59482,-38.35882
360,493,Wyndham Central Secondary College,Werribee,25,0.3,Government,Secondary,3030,144.65385,-37.88893
361,494,Nathalia Secondary College,Nathalia,25,0,Government,Secondary,3638,145.20844,-36.0599
362,495,Neerim District Secondary College,Neerim South,25,0,Government,Secondary,3831,145.95668,-38.01694
363,496,Red Cliffs Secondary College,Red Cliffs,25,0,Government,Secondary,3496,142.19545,-34.2988
364,497,Rushworth P-12 College,Rushworth,25,0,Government,Pri/Sec,3612,145.0144,-36.58332
365,498,Upper Yarra Secondary College,Yarra Junction,25,0,Government,Secondary,3797,145.62393,-37.79209
366,499,Warragul Regional College,Warragul,25,0,Government,Secondary,3820,145.92549,-38.1652
367,500,Geelong Baptist College,Lovely Banks,24,3,Independent,Pri/Sec,3221,144.33029,-38.06714
368,501,Lara Secondary College,Lara,24,2.4,Government,Secondary,3212,144.41157,-38.01818
369,502,Baimbridge College,Hamilton,24,2.1,Government,Secondary,3300,142.01463,-37.73331
370,503,Stawell Secondary College,Stawell,24,1.9,Government,Secondary,3380,142.78979,-37.06195
371,504,Wodonga Senior Secondary College,Wodonga,24,1.9,Government,Secondary,3690,146.88105,-36.12561
372,505,Box Hill Senior Secondary College,Mont Albert North,24,1.7,Government,Secondary,3129,145.11191,-37.80924
373,506,Mill Park Secondary College,Epping,24,1.6,Government,Secondary,3082,145.06341,-37.66416
374,508,Rutherglen High School,Rutherglen,24,0.9,Government,Secondary,3685,146.4521,-36.06256
375,509,Grovedale College,Grovedale,24,0.8,Government,Secondary,3216,144.32744,-38.2104
376,510,Boronia K-12 College,Boronia,24,0.7,Government,Pri/Sec,3155,145.29327,-37.8583
377,511,Western Port Secondary College,Hastings,24,0.7,Government,Secondary,3915,145.17638,-38.30817
378,513,Tarneit Senior College,Tarneit,24,0.6,Government,Secondary,3029,144.68041,-37.83335
379,515,Alia College,Hawthorn East,24,0,Independent,Secondary,3123,145.04517,-37.84322
380,516,Colac Secondary College,Colac,24,0,Government,Secondary,3250,143.5901,-38.3515
381,517,Euroa Secondary College,Euroa,24,0,Government,Secondary,3666,145.5648,-36.7582
382,519,Lake Bolac College,Lake Bolac,24,0,Government,Pri/Sec,3351,142.8379,-37.72024
383,520,Wallan Secondary College,Wallan,24,0,Government,Secondary,3756,144.98147,-37.41839
384,521,Northern Bay P-12 College,Corio,23,1.9,Government,Pri/Sec,3214,144.35571,-38.07841
385,522,Hallam Senior Secondary College,Hallam,23,1.6,Government,Secondary,3803,145.26119,-38.0002
386,524,Lilydale Heights College,Lilydale,23,0.5,Government,Secondary,3140,145.34141,-37.74582
387,525,Manor Lakes P-12 College,Wyndham Vale,23,0.2,Government,Pri/Sec,3024,144.60185,-37.87351
388,526,Carrum Downs Secondary College,Carrum Downs,23,0,Government,Secondary,3201,145.19766,-38.09529
389,529,Glenroy Secondary College,Glenroy,23,0,Government,Secondary,3046,144.925,-37.7047
390,530,The Grange P-12 College,Hoppers Crossing,22,1.6,Government,Pri/Sec,3030,144.67494,-37.85813
391,531,Craigieburn Secondary College,Craigieburn,22,1.4,Government,Secondary,3064,144.93595,-37.60875
392,532,Ballarat Christian College,Sebastopol,22,0,Independent,Pri/Sec,3356,143.84381,-37.59292
393,533,Laverton P-12 College,Laverton,22,0,Government,Pri/Sec,3028,144.77263,-37.85617
394,534,East Preston Islamic College,Preston East,21,2.2,Independent,Pri/Sec,3072,145.03622,-37.73395
395,538,Ozford College,Melbourne,19,1.5,Independent,Secondary,3000,144.95442,-37.81289
396,543,Armstrong Creek School,Armstrong Creek,0,0,Government,Primary,3217,144.36731,-38.23261
397,549,Catholic Regional College Caroline Springs,Caroline Springs,0,0,Catholic,Secondary,3023,144.7396,-37.72888
398,552,Croydon Community School,Croydon,0,0,Government,Secondary,3136,145.28126,-37.78935
399,553,Crusoe 7-10 Secondary College,Kangaroo Flat,0,0,Government,Secondary,3555,144.23367,-36.78865
400,561,Goroke P-12 College,Goroke,0,0,Government,Pri/Sec,3412,141.48354,-36.71579
401,563,Hester Hornbrook Academy,Melbourne,0,0,Independent,Special,3000,144.95615,-37.81654
402,566,Kensington Community High School,Kensington,0,0,Government,Secondary,3031,144.92558,-37.78791
403,567,Lavers Hill K-12 College,Lavers Hill,0,0,Government,Pri/Sec,3238,143.38305,-38.68184
404,568,Lynall Hall Community School,Richmond,0,0,Government,Secondary,3121,145.00226,-37.81648
405,569,Manangatang P-12 College,Manangatang,0,0,Government,Pri/Sec,3546,142.88488,-35.05623
406,574,Oakwood School,Caulfield North,0,0,Government,Secondary,3161,145.03417,-37.87398
407,575,Parkville College,Parkville,0,0,Government,Special,3052,144.94736,-37.77682
408,576,Peter Lalor Secondary College,Lalor,0,0,Government,Secondary,3076,145.01316,-37.66691
409,580,River Nile School,North Melbourne,0,0,Independent,Special,3051,144.95509,-37.80519
410,585,The Lakes South Morang College,South Morang,0,0,Government,Pri/Sec,3752,145.07568,-37.63494
411,632,Sholem Aleichem College,Elsternwick, , ,Independent,Primary,3185,145.0012,-37.88229
