,STOP_ID,STOP_NAME,geometry,LATITUDE,LONGITUDE,TICKETZONE,postcode
0,19970,Royal Park Railway Station (Parkville),POINT (144.95230710206772 -37.781179806470384),-37.781193,144.952301,1,3052
1,19971,Flemington Bridge Railway Station (North Melbourne),POINT (144.93932910356588 -37.78812681562748),-37.78814,144.939323,1,3051
2,19972,Macaulay Railway Station (North Melbourne),POINT (144.9361719034498 -37.79425383545),-37.794267,144.936166,1,3051
3,19973,North Melbourne Railway Station (West Melbourne),POINT (144.9425759409124 -37.80740580596864),-37.807419,144.94257,1,3003
4,19974,Clifton Hill Railway Station (Clifton Hill),POINT (144.99542285377925 -37.78864386946561),-37.788657,144.995417,1,3068
5,19975,Victoria Park Railway Station (Abbotsford),POINT (144.9944569728049 -37.79914479946462),-37.799158,144.994451,1,3067
6,19976,Collingwood Railway Station (Abbotsford),POINT (144.99375605234263 -37.80451284944992),-37.804526,144.99375,1,3067
7,19977,North Richmond Railway Station (Richmond),POINT (144.9925057719209 -37.81038480940071),-37.810398,144.9925,1,3121
8,19978,West Richmond Railway Station (Richmond),POINT (144.99142901161275 -37.81493583935521),-37.814949,144.991423,1,3121
9,19979,Jolimont-MCG Railway Station (East Melbourne),POINT (144.98410409271293 -37.8165138088636),-37.816527,144.984098,1,3002
10,19983,Macleod Railway Station (Macleod),POINT (145.06914904783034 -37.72599883413646),-37.726012,145.069143,2,3085
11,19984,Watsonia Railway Station (Watsonia),POINT (145.08379888693887 -37.71094480505089),-37.710958,145.083793,2,3087
12,19985,Greensborough Railway Station (Greensborough),POINT (145.10825296347718 -37.70394082669197),-37.703954,145.108247,2,3088
13,19986,Montmorency Railway Station (Montmorency),POINT (145.1215218399448 -37.71528280767765),-37.715296,145.121516,2,3094
14,19987,Eltham Railway Station (Eltham),POINT (145.1478277555895 -37.713536809483195),-37.71355,145.147822,2,3095
15,19988,Diamond Creek Railway Station (Diamond Creek),POINT (145.15851183815116 -37.673283859971086),-37.673297,145.158506,2,3089
16,19989,Wattle Glen Railway Station (Wattle Glen),POINT (145.18162095518653 -37.66395482151192),-37.663968,145.181615,2,3096
17,19990,Hurstbridge Railway Station (Hurstbridge),POINT (145.19202279608552 -37.63938482207917),-37.639398,145.192017,2,3099
18,19991,Williamstown Railway Station (Williamstown),POINT (144.9053289008459 -37.867739823802424),-37.867753,144.905323,1,3016
19,19992,Williamstown Beach Railway Station (Williamstown),POINT (144.89449002314086 -37.86396882304103),-37.863982,144.894484,1,3016
20,19993,North Williamstown Railway Station (Williamstown),POINT (144.8890749048031 -37.857319802631324),-37.857333,144.889069,1,3015
21,19994,Newport Railway Station (Newport),POINT (144.88360578733594 -37.84270479216876),-37.842718,144.8836,1,3015
22,19995,Spotswood Railway Station (Spotswood),POINT (144.88593894823674 -37.8306258022527),-37.830639,144.885933,1,3015
23,19996,Yarraville Railway Station (Yarraville),POINT (144.88993998914077 -37.81583682243331),-37.81585,144.889934,1,3013
24,19997,Seddon Railway Station (Seddon),POINT (144.89567802888425 -37.80899187278145),-37.809005,144.895672,1,3011
25,20000,Watergardens Railway Station (Sydenham),POINT (144.774185981555 -37.70111579387242),-37.701129,144.77418,2,3038
26,20001,Keilor Plains Railway Station (St Albans),POINT (144.79374405515216 -37.729265815369494),-37.729279,144.793738,2,3021
27,20002,St Albans Railway Station (St Albans),POINT (144.80005593238653 -37.74484778589326),-37.744861,144.80005,2,3021
28,20003,Ginifer Railway Station (St Albans),POINT (144.8113538087946 -37.76005382675248),-37.760067,144.811348,2,3021
29,20004,Albion Railway Station (Sunshine North),POINT (144.82470980458663 -37.777639827766436),-37.777653,144.824704,"1,2",3020
30,20005,Epping Railway Station (Epping),POINT (145.03107402243884 -37.652173811061274),-37.652187,145.031068,2,3076
31,20006,Lalor Railway Station (Lalor),POINT (145.01719890335036 -37.66583788019449),-37.665851,145.017193,2,3075
32,20007,Thomastown Railway Station (Thomastown),POINT (145.01428506228143 -37.68032482008498),-37.680338,145.014279,2,3074
33,20008,Keon Park Railway Station (Thomastown),POINT (145.01188998111786 -37.69485685001121),-37.69487,145.011884,2,3074
34,20009,Ruthven Railway Station (Reservoir),POINT (145.0095229801126 -37.70788479992999),-37.707898,145.009517,2,3073
35,20010,Reservoir Railway Station (Reservoir),POINT (145.0070018995727 -37.716871839813095),-37.716885,145.006996,"1,2",3073
36,20011,Regent Railway Station (Reservoir),POINT (145.00277909905245 -37.72838985959535),-37.728403,145.002773,"1,2",3073
37,20012,Preston Railway Station (Preston),POINT (145.00052801832655 -37.73866083950495),-37.738674,145.000522,"1,2",3072
38,20013,Bell Railway Station (Preston),POINT (145.00016081764193 -37.745548809522596),-37.745562,145.000155,1,3072
39,20014,Thornbury Railway Station (Thornbury),POINT (144.99857789688502 -37.75503885947312),-37.755052,144.998572,1,3071
40,20015,Croxton Railway Station (Northcote),POINT (144.9970619361644 -37.76408781942547),-37.764101,144.997056,1,3070
41,20016,Northcote Railway Station (Northcote),POINT (144.99528281584634 -37.769851869339405),-37.769865,144.995277,1,3070
42,20017,Merri Railway Station (Northcote),POINT (144.99297809537836 -37.77783387923113),-37.777847,144.992972,1,3070
43,20019,Rushall Railway Station (Fitzroy North),POINT (144.9924128948927 -37.783203819225754),-37.783217,144.992407,1,3068
44,20021,Sunshine Railway Station (Sunshine),POINT (144.8328839619965 -37.78852280838797),-37.788536,144.832878,"1,2",3020
45,20022,Tottenham Railway Station (West Footscray),POINT (144.8629507956213 -37.79923785049534),-37.799251,144.862945,1,3012
46,20023,West Footscray Railway Station (West Footscray),POINT (144.88399099169231 -37.80178980194152),-37.801803,144.883985,1,3012
47,20024,Middle Footscray Railway Station (Footscray),POINT (144.8914779103164 -37.802491802455286),-37.802505,144.891472,1,3011
48,20025,Footscray Railway Station (Footscray),POINT (144.9032049084341 -37.80106980324485),-37.801083,144.903199,1,3011
49,20026,South Kensington Railway Station (Kensington),POINT (144.92547486473606 -37.79951784475292),-37.799531,144.925469,1,3031
50,20030,Broadmeadows Railway Station (Broadmeadows),POINT (144.9196191183441 -37.68303579363045),-37.683049,144.919613,2,3047
51,20031,Jacana Railway Station (Glenroy),POINT (144.9158571176904 -37.69511784344914),-37.695131,144.915851,2,3046
52,20032,Glenroy Railway Station (Glenroy),POINT (144.9172258364384 -37.70452284360088),-37.704536,144.91722,"1,2",3046
53,20033,Oak Park Railway Station (Oak Park),POINT (144.9215249542458 -37.71793680397718),-37.71795,144.921519,"1,2",3046
54,20034,Pascoe Vale Railway Station (Pascoe Vale),POINT (144.92820187170597 -37.73074281451213),-37.730756,144.928196,"1,2",3044
55,20035,Strathmore Railway Station (Strathmore),POINT (144.92732203047035 -37.74357780453182),-37.743591,144.927316,1,3040
56,20036,Glenbervie Railway Station (Essendon),POINT (144.92094499118375 -37.74719679411946),-37.74721,144.920939,1,3040
57,20037,Essendon Railway Station (Essendon),POINT (144.9162037910536 -37.755998793850914),-37.756012,144.916198,1,3040
58,20038,Moonee Ponds Railway Station (Moonee Ponds),POINT (144.91916694949148 -37.76569386411304),-37.765707,144.919161,1,3039
59,20039,Ascot Vale Railway Station (Ascot Vale),POINT (144.9218269879917 -37.77529281435394),-37.775306,144.921821,1,3032
60,20040,Newmarket Railway Station (Flemington),POINT (144.92898378544876 -37.78731483491656),-37.787328,144.928978,1,3031
61,20041,Kensington Railway Station (Kensington),POINT (144.93052998448164 -37.79376684506206),-37.79378,144.930524,1,3031
62,20042,Box Hill Railway Station (Box Hill),POINT (145.12143506858106 -37.81920886831738),-37.819222,145.121429,2,3128
63,22180,Southern Cross Railway Station (Melbourne City),POINT (144.9514168182362 -37.817922846637515),-37.817936,144.951411,1,3008
64,40220,Roxburgh Park Railway Station (Roxburgh Park),POINT (144.93540980045356 -37.638217864428476),-37.638231,144.935404,2,3064
65,40221,Craigieburn Railway Station (Craigieburn),POINT (144.9433258430165 -37.6018038647418),-37.601817,144.94332,2,3064
66,44817,Coolaroo Railway Station (Coolaroo),POINT (144.92606203961003 -37.66098984393259),-37.661003,144.926056,2,3048
67,45793,Lynbrook Railway Station (Lynbrook),POINT (145.2492807400105 -38.05732781864626),-38.057341,145.249275,2,3975
68,45794,Cardinia Road Railway Station (Pakenham),POINT (145.4377968654793 -38.071276841912976),-38.07129,145.437791,2,3810
69,45795,South Morang Railway Station (South Morang),POINT (145.0670380165642 -37.64914585351298),-37.649159,145.067032,2,3752
70,46468,Williams Landing Railway Station (Williams Landing),POINT (144.74745092810937 -37.86985184311259),-37.869865,144.747445,2,3027
71,52095,Southland Railway Station (Cheltenham),POINT (145.0491269058668 -37.95874288420271),-37.958756,145.049121,2,3192
72,52159,Middle Gorge Railway Station (South Morang),POINT (145.0921498127889 -37.64404780520941),-37.644061,145.092144,2,3752
73,52160,Hawkstowe Railway Station (South Morang),POINT (145.09740185417803 -37.62298186543987),-37.622995,145.097396,2,3752
74,52161,Mernda Railway Station (Mernda),POINT (145.10089097580337 -37.60253485555275),-37.602548,145.100885,2,3754
75,15351,Sunbury Railway Station (Sunbury),POINT (144.72732516267004 -37.57907785995183),-37.579091,144.727319,2,3429
76,15353,Diggers Rest Railway Station (Diggers Rest),POINT (144.71992787884605 -37.62700384975175),-37.627017,144.719922,2,3427
77,19827,Stony Point Railway Station (Crib Point),POINT (145.2218429494654 -38.37422186868733),-38.374235,145.221837,2,3919
78,19828,Crib Point Railway Station (Crib Point),POINT (145.2040488735239 -38.36610989740293),-38.366123,145.204043,2,3919
79,19829,Morradoo Railway Station (Crib Point),POINT (145.1896078374318 -38.354019836327744),-38.354033,145.189602,2,3919
80,19830,Bittern Railway Station (Bittern),POINT (145.1780327613385 -38.337376855423976),-38.33739,145.178027,2,3918
81,19831,Hastings Railway Station (Hastings),POINT (145.18598588347427 -38.30564582578046),-38.305659,145.18598,2,3915
82,19832,Tyabb Railway Station (Tyabb),POINT (145.18640672851222 -38.25980189552844),-38.259815,145.186401,2,3913
83,19833,Somerville Railway Station (Somerville),POINT (145.1762507741407 -38.225328834613386),-38.225342,145.176245,2,3912
84,19834,Baxter Railway Station (Baxter),POINT (145.16053174038709 -38.19402989333321),-38.194043,145.160526,2,3911
85,19835,Glen Iris Railway Station (Glen Iris),POINT (145.05823095516885 -37.859294864213034),-37.859308,145.058225,1,3146
86,19836,Leawarra Railway Station (Frankston),POINT (145.1395397887376 -38.1520208616237),-38.152034,145.139534,2,3199
87,19837,Darling Railway Station (Malvern East),POINT (145.06295703329164 -37.868943854597745),-37.868957,145.062951,"1,2",3145
88,19838,East Malvern Railway Station (Malvern East),POINT (145.06939887129857 -37.87691686509016),-37.87693,145.069393,"1,2",3145
89,19839,Holmesglen Railway Station (Malvern East),POINT (145.0906680278762 -37.874388856538495),-37.874402,145.090662,"1,2",3145
90,19840,Jordanville Railway Station (Mount Waverley),POINT (145.11209594423767 -37.87358983801033),-37.873603,145.11209,2,3149
91,19841,Flagstaff Railway Station (Melbourne City),POINT (144.95565977814576 -37.81196781689045),-37.811981,144.955654,1,3000
92,19842,Melbourne Central Railway Station (Melbourne City),POINT (144.96259985716247 -37.80992580735203),-37.809939,144.962594,1,3000
93,19843,Parliament Railway Station (Melbourne City),POINT (144.97291709525015 -37.81104081806433),-37.811054,144.972911,1,3002
94,19844,Belgrave Railway Station (Belgrave),POINT (145.3552967780243 -37.9090888251234),-37.909102,145.355291,2,3160
95,19845,Tecoma Railway Station (Tecoma),POINT (145.34300098027188 -37.908104854257395),-37.908118,145.342995,2,3160
96,19846,Upwey Railway Station (Upwey),POINT (145.33133878279236 -37.90367784341494),-37.903691,145.331333,2,3158
97,19847,Alamein Railway Station (Ashburton),POINT (145.07966175045655 -37.868306835743006),-37.86832,145.079656,1,3147
98,19848,Ashburton Railway Station (Ashburton),POINT (145.08134979085875 -37.86195481581984),-37.861968,145.081344,1,3147
99,19849,Burwood Railway Station (Glen Iris),POINT (145.0805167521429 -37.85154982569801),-37.851563,145.080511,1,3146
100,19850,Hartwell Railway Station (Camberwell),POINT (145.0755660338325 -37.843971825310334),-37.843985,145.07556,1,3124
101,19851,Willison Railway Station (Camberwell),POINT (145.07030391565115 -37.835702804897025),-37.835716,145.070298,1,3124
102,19852,Riversdale Railway Station (Camberwell),POINT (145.06965195622487 -37.83149188482607),-37.831505,145.069646,1,3124
103,19853,Camberwell Railway Station (Camberwell),POINT (145.05870291866574 -37.82655385404253),-37.826567,145.058697,1,3124
104,19854,Flinders Street Railway Station (Melbourne City),POINT (144.966969895495 -37.818291847702625),-37.818305,144.966964,1,3000
105,19855,Frankston Railway Station (Frankston),POINT (145.12616795208794 -38.142976850644594),-38.14299,145.126162,2,3199
106,19856,Kananook Railway Station (Seaford),POINT (145.13530079283626 -38.12172884114443),-38.121742,145.135295,2,3198
107,19857,Seaford Railway Station (Seaford),POINT (145.128235796036 -38.10400784054745),-38.104021,145.12823,2,3198
108,19858,Carrum Railway Station (Carrum),POINT (145.1228390400229 -38.07649088000537),-38.076504,145.122833,2,3197
109,19859,Bonbeach Railway Station (Bonbeach),POINT (145.11968580207238 -38.062931839704184),-38.062945,145.11968,2,3196
110,19860,Chelsea Railway Station (Chelsea),POINT (145.11604692392234 -38.05194184938535),-38.051955,145.116041,2,3196
111,19861,Edithvale Railway Station (Edithvale),POINT (145.10854200676852 -38.038042878782),-38.038056,145.108536,2,3196
112,19862,Aspendale Railway Station (Aspendale),POINT (145.10215596907972 -38.02720687827489),-38.02722,145.10215,2,3195
113,19863,Mordialloc Railway Station (Mordialloc),POINT (145.08766489388506 -38.00656987714909),-38.006583,145.087659,2,3195
114,19864,Parkdale Railway Station (Parkdale),POINT (145.07633281734988 -37.993065826285545),-37.993079,145.076327,2,3195
115,19865,Mentone Railway Station (Mentone),POINT (145.065171740531 -37.98185182544842),-37.981865,145.065166,2,3194
116,19866,Cheltenham Railway Station (Cheltenham),POINT (145.05456398405246 -37.966636874625124),-37.96665,145.054558,2,3192
117,19867,Upper Ferntree Gully Railway Station (Upper Ferntree Gully),POINT (145.30753594815528 -37.89265887168488),-37.892672,145.30753,2,3156
118,19868,Ferntree Gully Railway Station (Ferntree Gully),POINT (145.29525671150762 -37.881684900760504),-37.881698,145.295251,2,3156
119,19869,Boronia Railway Station (Boronia),POINT (145.28439083575117 -37.860438869871466),-37.860452,145.284385,2,3155
120,19870,Bayswater Railway Station (Bayswater),POINT (145.26814188064506 -37.841716888623786),-37.84173,145.268136,2,3153
121,19871,Heathmont Railway Station (Heathmont),POINT (145.2445608062187 -37.82830886690044),-37.828322,145.244555,2,3135
122,19872,Highett Railway Station (Highett),POINT (145.04187794826342 -37.9484118736409),-37.948425,145.041872,2,3190
123,19873,Glen Waverley Railway Station (Glen Waverley),POINT (145.16206393490071 -37.87949087149795),-37.879504,145.162058,2,3150
124,19874,Syndal Railway Station (Glen Waverley),POINT (145.1497857773958 -37.876216850628715),-37.87623,145.14978,2,3150
125,19875,Mount Waverley Railway Station (Mount Waverley),POINT (145.1280619412801 -37.87524187912215),-37.875255,145.128056,2,3149
126,19876,Lilydale Railway Station (Lilydale),POINT (145.34771591641476 -37.75550490363909),-37.755518,145.34771,2,3140
127,19877,Mooroolbark Railway Station (Mooroolbark),POINT (145.3124078392825 -37.78473582135466),-37.784749,145.312402,2,3138
128,19878,Croydon Railway Station (Croydon),POINT (145.28060400360644 -37.795423859203915),-37.795437,145.280598,2,3136
129,19879,Ringwood East Railway Station (Ringwood East),POINT (145.250196967048 -37.811954877190686),-37.811968,145.250191,2,3135
130,19880,Pakenham Railway Station (Pakenham),POINT (145.48638497593296 -38.08060084539131),-38.080614,145.486379,2,3810
131,19881,Officer Railway Station (Officer),POINT (145.41099271074404 -38.06613288999825),-38.066146,145.410987,2,3809
132,19882,Beaconsfield Railway Station (Beaconsfield),POINT (145.36607984031272 -38.050817856755195),-38.050831,145.366074,2,3807
133,19883,Berwick Railway Station (Berwick),POINT (145.34573192503493 -38.0403948652671),-38.040408,145.345726,2,3806
134,19884,Narre Warren Railway Station (Narre Warren),POINT (145.3039748137372 -38.02779585227294),-38.027809,145.303969,2,3805
135,19885,Hallam Railway Station (Hallam),POINT (145.26978274083118 -38.017726829828085),-38.01774,145.269777,2,3803
136,19886,Cranbourne Railway Station (Cranbourne),POINT (145.2806046898266 -38.09952387108651),-38.099537,145.280599,2,3977
137,19887,Merinda Park Railway Station (Cranbourne North),POINT (145.2635169351084 -38.07898685977018),-38.079,145.263511,2,3977
138,19888,Dandenong Railway Station (Dandenong),POINT (145.20973079439904 -37.989954895483386),-37.989968,145.209725,2,3175
139,19889,Yarraman Railway Station (Noble Park),POINT (145.19160587885835 -37.97824184415438),-37.978255,145.1916,2,3174
140,19890,Noble Park Railway Station (Noble Park),POINT (145.17633072280833 -37.96661483302451),-37.966628,145.176325,2,3174
141,19891,Sandown Park Railway Station (Springvale),POINT (145.1628318062801 -37.956491812027764),-37.956505,145.162826,2,3171
142,19892,East Camberwell Railway Station (Camberwell),POINT (145.06819575709116 -37.8258808346911),-37.825894,145.06819,1,3124
143,19893,Canterbury Railway Station (Canterbury),POINT (145.08122991498246 -37.824471885579214),-37.824485,145.081224,"1,2",3126
144,19894,Chatham Railway Station (Surrey Hills),POINT (145.088653833714 -37.82428684608921),-37.8243,145.088648,"1,2",3127
145,19895,Surrey Hills Railway Station (Surrey Hills),POINT (145.0987809919728 -37.82413483678587),-37.824148,145.098775,"1,2",3127
146,19896,Mont Albert Railway Station (Mont Albert),POINT (145.1055360313175 -37.819413887222154),-37.819427,145.10553,"1,2",3127
147,19897,Laburnum Railway Station (Blackburn),POINT (145.14070874506587 -37.82076685965766),-37.82078,145.140703,2,3130
148,19898,Blackburn Railway Station (Blackburn),POINT (145.15001978352822 -37.82005784029663),-37.820071,145.150014,2,3130
149,19899,Nunawading Railway Station (Nunawading),POINT (145.17524281911318 -37.820414872043465),-37.820428,145.175237,2,3131
150,19900,Mitcham Railway Station (Mitcham),POINT (145.1928979363084 -37.81807388325165),-37.818087,145.192892,2,3132
151,19901,Heatherdale Railway Station (Ringwood),POINT (145.2135558126432 -37.818821874688574),-37.818835,145.21355,2,3134
152,19902,Ringwood Railway Station (Ringwood),POINT (145.229480050232 -37.81564685577414),-37.81566,145.229474,2,3134
153,19903,Auburn Railway Station (Hawthorn East),POINT (145.04584984135263 -37.82238487313347),-37.822398,145.045844,1,3123
154,19904,Glenferrie Railway Station (Hawthorn),POINT (145.0364448430871 -37.82145382248186),-37.821467,145.036439,1,3122
155,19905,Hawthorn Railway Station (Hawthorn),POINT (145.02290488539882 -37.82181283155493),-37.821826,145.022899,1,3122
156,19906,Burnley Railway Station (Burnley),POINT (145.0075609674386 -37.82754682053842),-37.82756,145.007555,1,3121
157,19907,East Richmond Railway Station (Richmond),POINT (144.9970720093867 -37.826386809812625),-37.8264,144.997066,1,3121
158,19908,Richmond Railway Station (Richmond),POINT (144.9901700908386 -37.8240608493256),-37.824074,144.990164,1,3121
159,19909,Heyington Railway Station (Toorak),POINT (145.022641004044 -37.83465880161647),-37.834672,145.022635,1,3142
160,19910,Kooyong Railway Station (Kooyong),POINT (145.0335580015739 -37.83991588239815),-37.839929,145.033552,1,3144
161,19911,Tooronga Railway Station (Malvern),POINT (145.04174007912184 -37.84935283301838),-37.849366,145.041734,1,3144
162,19912,Gardiner Railway Station (Glen Iris),POINT (145.05166095697004 -37.85326585372413),-37.853279,145.051655,1,3146
163,19913,Springvale Railway Station (Springvale),POINT (145.15345776868617 -37.94949584133624),-37.949509,145.153452,2,3171
164,19914,Westall Railway Station (Clayton South),POINT (145.1388388924484 -37.938477860257834),-37.938491,145.138833,2,3169
165,19915,Clayton Railway Station (Clayton),POINT (145.12053973715643 -37.92466987890908),-37.924683,145.120534,2,3168
166,19916,Huntingdale Railway Station (Oakleigh),POINT (145.1023698218228 -37.911003827571456),-37.911017,145.102364,"1,2",3166
167,19917,Oakleigh Railway Station (Oakleigh),POINT (145.08831398543825 -37.900358806537184),-37.900372,145.088308,"1,2",3166
168,19918,Hughesdale Railway Station (Hughesdale),POINT (145.0776410678981 -37.894867815768436),-37.894881,145.077635,"1,2",3166
169,19919,Murrumbeena Railway Station (Murrumbeena),POINT (145.06738107019683 -37.89018484503352),-37.890198,145.067375,1,3163
170,19920,Carnegie Railway Station (Carnegie),POINT (145.05858087216149 -37.8862278144039),-37.886241,145.058575,1,3163
171,19921,Werribee Railway Station (Werribee),POINT (144.66112401999894 -37.89936481748577),-37.899378,144.661118,2,3030
172,19922,Hoppers Crossing Railway Station (Hoppers Crossing),POINT (144.70096089477352 -37.88326283006325),-37.883276,144.700955,2,3029
173,19923,Laverton Railway Station (Laverton),POINT (144.77262284438788 -37.86368081477406),-37.863694,144.772617,"1,2",3028
174,19924,Aircraft Railway Station (Laverton),POINT (144.76081484613144 -37.86659285399447),-37.866606,144.760809,2,3028
175,19925,Westona Railway Station (Altona),POINT (144.81350011711166 -37.8651497975487),-37.865163,144.813494,"1,2",3018
176,19926,Altona Railway Station (Altona),POINT (144.82965079408544 -37.86713483865555),-37.867148,144.829645,"1,2",3018
177,19927,Seaholme Railway Station (Seaholme),POINT (144.8409637920408 -37.867828829427175),-37.867842,144.840958,1,3018
178,19928,Westgarth Railway Station (Northcote),POINT (144.9992388539913 -37.78060785967711),-37.780621,144.999233,1,3070
179,19929,Dennis Railway Station (Northcote),POINT (145.0082478525853 -37.77917380028546),-37.779187,145.008242,1,3070
180,19930,Fairfield Railway Station (Fairfield),POINT (145.01691089108516 -37.77915787087922),-37.779171,145.016905,1,3078
181,19931,Alphington Railway Station (Alphington),POINT (145.0312608486822 -37.7783808118588),-37.778394,145.031255,1,3078
182,19932,Darebin Railway Station (Ivanhoe),POINT (145.03848208780437 -37.77494983233307),-37.774963,145.038476,1,3079
183,19933,Ivanhoe Railway Station (Ivanhoe),POINT (145.04543080726137 -37.768883832772694),-37.768897,145.045425,"1,2",3079
184,19934,Eaglemont Railway Station (Eaglemont),POINT (145.05394876636464 -37.763572843324916),-37.763586,145.053943,"1,2",3084
185,19935,Heidelberg Railway Station (Heidelberg),POINT (145.06069192590698 -37.75705981374795),-37.757073,145.060686,"1,2",3084
186,19936,Rosanna Railway Station (Rosanna),POINT (145.06614592651073 -37.742865824034766),-37.742879,145.06614,2,3084
187,19937,Moorabbin Railway Station (Moorabbin),POINT (145.03674399069948 -37.93433983320138),-37.934353,145.036738,2,3189
188,19938,Patterson Railway Station (Bentleigh),POINT (145.03547607192772 -37.925135803057415),-37.925149,145.03547,2,3204
189,19939,Bentleigh Railway Station (Bentleigh),POINT (145.03700103250702 -37.917411823114335),-37.917425,145.036995,"1,2",3204
190,19940,McKinnon Railway Station (Mckinnon),POINT (145.03830495305826 -37.91029588315984),-37.910309,145.038299,"1,2",3204
191,19941,Ormond Railway Station (Ormond),POINT (145.0396189536057 -37.90319884320616),-37.903212,145.039613,"1,2",3204
192,19942,Glenhuntly Railway Station (Glen Huntly),POINT (145.04222895462684 -37.889705863301884),-37.889719,145.042223,1,3163
193,19943,Caulfield Railway Station (Caulfield East),POINT (145.04253099591466 -37.877445883246715),-37.877459,145.042525,1,3145
194,19944,Malvern Railway Station (Malvern),POINT (145.02929991944043 -37.866239802269),-37.866253,145.029294,1,3144
195,19945,Armadale Railway Station (Armadale),POINT (145.01933188224348 -37.85643880152446),-37.856452,145.019326,1,3143
196,19946,Toorak Railway Station (Armadale),POINT (145.01391496380444 -37.85076088111783),-37.850774,145.013909,1,3143
197,19947,Hawksburn Railway Station (South Yarra),POINT (145.00214800652367 -37.844577880273064),-37.844591,145.002142,1,3141
198,19948,Sandringham Railway Station (Sandringham),POINT (145.00456683456449 -37.95031681109305),-37.95033,145.004561,2,3191
199,19949,Hampton Railway Station (Hampton),POINT (145.00147695645316 -37.93796386080499),-37.937977,145.001471,2,3188
200,19950,Brighton Beach Railway Station (Brighton),POINT (144.9891599198557 -37.92647085989039),-37.926484,144.989154,"1,2",3186
201,19951,Middle Brighton Railway Station (Brighton),POINT (144.9963048398488 -37.91512087030948),-37.915134,144.996299,"1,2",3186
202,19952,North Brighton Railway Station (Brighton),POINT (145.00261095986835 -37.904873830678085),-37.904887,145.002605,"1,2",3186
203,19953,Gardenvale Railway Station (Brighton),POINT (145.00417408049006 -37.8966818507345),-37.896695,145.004168,1,3186
204,19954,Elsternwick Railway Station (Elsternwick),POINT (145.0009038423622 -37.88473984043653),-37.884753,145.000898,1,3185
205,19955,Ripponlea Railway Station (Ripponlea),POINT (144.99524284431203 -37.87589283999402),-37.875906,144.995237,1,3185
206,19956,Balaclava Railway Station (Balaclava),POINT (144.9935180853116 -37.86947484983616),-37.869488,144.993512,1,3183
207,19957,Windsor Railway Station (Windsor),POINT (144.99204100703216 -37.85603982965183),-37.856053,144.992035,1,3181
208,19958,Prahran Railway Station (Prahran),POINT (144.98986588812198 -37.84950483946243),-37.849518,144.98986,1,3181
209,19959,South Yarra Railway Station (South Yarra),POINT (144.99234808889568 -37.83843582956381),-37.838449,144.992342,1,3141
210,19960,Upfield Railway Station (Coolaroo),POINT (144.9467458354902 -37.66606485537552),-37.666078,144.94674,2,3048
211,19961,Gowrie Railway Station (Glenroy),POINT (144.95887998965182 -37.70066481641951),-37.700678,144.958874,2,3060
212,19962,Fawkner Railway Station (Fawkner),POINT (144.96055110785332 -37.71460779662037),-37.714621,144.960545,"1,2",3046
213,19963,Merlynston Railway Station (Coburg North),POINT (144.9613200670366 -37.72092084671213),-37.720934,144.961314,"1,2",3058
214,19964,Batman Railway Station (Coburg North),POINT (144.96284682540855 -37.73350986689469),-37.733523,144.962841,"1,2",3058
215,19965,Coburg Railway Station (Coburg),POINT (144.9633418243668 -37.742331846983326),-37.742345,144.963336,1,3058
216,19966,Moreland Railway Station (Coburg),POINT (144.96182910331285 -37.75447185695532),-37.754485,144.961823,1,3058
217,19967,Anstey Railway Station (Brunswick),POINT (144.96069006277764 -37.761228876919425),-37.761242,144.960684,1,3056
218,19968,Brunswick Railway Station (Brunswick),POINT (144.9595927822653 -37.767707796884636),-37.767721,144.959587,1,3056
219,19969,Jewell Railway Station (Brunswick),POINT (144.95872302162815 -37.77497385687031),-37.774987,144.958717,1,3056
