,postcode,nearest_latlon,nearest_name,nearest_duration,nearest_distance
0,3131,"[145.17382089715767, -37.83134285201285]",Kinderplay Early Learning Centre,63.46,473.41
1,3939,"[144.88697587967854, -38.41183483589576]",Camp Australia - Boneo Primary School Oshc,326.22,4485.47
2,3429,"[144.72806800700732, -37.56529981791608]",Kismet Park Ps Oshc - Extend,263.03,2112.42
3,3144,"[145.03488591490645, -37.85307684057084]",Montessori Beginnings Malvern,41.85,189.65
4,3338,"[144.5585460092759, -37.744885810668016]",Exford Oshclub,130.73,1999.43
5,3023,"[144.75436088201224, -37.75695850988004]",Arcare Burnside,152.07,1100.71
6,3030,"[144.6319349789472, -37.9194658116525]",Folkstone Early Learning - Werribee,166.54,2129.29
7,3806,"[145.35177184214746, -38.029949863624985]",Berwick Kindergarten,75.29,313.72
8,3167,"[145.09428589876256, -37.92437684309718]",Team Holiday - Huntingdale Primary,0.04,0.29
9,3038,"[144.79376697847042, -37.7076058292366]",Big Childcare - Taylors Lakes Ps Oshc,42.38,215.21
10,3029,"[144.67515498573536, -37.82277781695462]",Aspire Early Education And Kindergarten Tarneit North,191.19,2231.5
11,3024,"[144.5910560009594, -37.854876808518554]",Nido Early School Wyndham Vale,359.94,4074.61
12,3020,"[144.82752796253078, -37.78290682699011]",Anderson Road Child Care Centre,54.82,434.57
13,3012,"[144.87136495762462, -37.80419883209788]",Kingsville Kindergarten,101.79,1037.15
14,3025,"[144.8254059596247, -37.83188682914966]",Westgate Sports  Leisure Centre,264.75,1568.7
15,3028,"[144.78132914324536, -37.87879727345595]",Benetas St Georges,86.65,592.79
16,3027,"[144.75060496890245, -37.8666618273057]",Explorers Early Learning - Williams Landing,462.07,3771.4
17,3006,"[144.96288593541075, -37.825596833468715]",Nido Early School Melbourne Square,63.14,306.55
18,3150,"[145.17523488565553, -37.89723184951925]",Brentwood Kindergarten,106.7,702.49
19,3178,"[145.24452487375166, -37.92298486048504]",Aurora Early Education Rowville,35.51,220.25
20,3140,"[145.36587887176134, -37.751123865882484]",Como Park Child Care  Kindergarten,119.05,734.56
21,3022,"[144.80220996591714, -37.77367782621783]",Community Kids Haven Ardeer,57.3,397.96
22,3068,"[144.99048393332993, -37.782258843087824]",Clifton Child Care Co-Op,94.91,616.78
23,3047,"[144.92860595807696, -37.68038683222674]",Broadmeadows Preschool,92.13,539.94
24,3060,"[144.9691879485799, -37.703338838140674]",North West Neighbourhood House Network Inc,78.52,475.32
25,3046,"[144.9231059554598, -37.70416683299952]",Glenroy Widford Street School Holiday Program,63.17,668.96
26,3149,"[145.1285059048596, -37.87836684917216]",Teamkids - Mount Waverley North Primary,20.78,103.41
27,3043,"[144.88150596860177, -37.695386833112146]",Guardian Childcare  Education Tullamarine,71.35,524.4
28,3042,"[144.8802059636157, -37.72518682920885]",Big Childcare - St Christophers Ps Oshc,137.67,834.02
29,3033,"[144.85782582818538, -37.73731222876315]",Cyril Jewel House,39.2,272.25
30,3155,"[145.28287587072577, -37.854017862726074]",Hazelwood Boronia,60.77,430.4
31,3105,"[145.0899549223502, -37.770691841846045]",Yarraleen Preschool,74.49,419.56
32,3169,"[145.1163288920875, -37.941061848719976]",Clayton South Kindergarten,90.11,545.99
33,3101,"[145.03369792344373, -37.8042178431864]",Kew Primary Oshclub,19.67,81.98
34,3051,"[144.94496594446582, -37.79847684007645]",Lady Huntingfield Early Learning  Family Services Centre,2.36,13.14
35,3064,"[144.93110596586098, -37.567086834691644]",Big Childcare - Hume Anglican Oshc,496.89,2389.73
36,3189,"[145.05690590341214, -37.94138684663003]",Southmoor Primary School Oshc,70.75,365.27
37,3175,"[145.2119058701296, -37.99798685368392]",Dandenong South Primary Kindergarten,319.45,3076.02
38,3802,"[145.25870586300246, -37.97058686176577]",First Early Learning Heywood Grove,48.57,202.39
39,3177,"[145.23800686641027, -37.99043885844945]",Our Patch Oshc At Holy Family Primary School - Doveton,46.99,195.82
40,3126,"[145.07838991162367, -37.82311684837534]",Canterbury Norwood Baptist Kindergarten,22.63,271.53
41,3124,"[145.07275891713778, -37.83649784407084]",Fordham Avenue Kindergarten,63.38,300.4
42,3048,"[144.92048096071, -37.65045483648652]",Community Kids Meadow Heights Early Education Centre,76.79,646.3
43,3130,"[145.15209590577376, -37.82364685146241]",Guardian Childcare  Education Blackburn South,31.39,218.37
44,3976,"[145.26777585777484, -38.03936185682203]",Camp Australia - St Kevins Hampton Park Oshc,34.41,170.01
45,3122,"[145.0304659238092, -37.82435084508943]",Hawthorns Victoria Gardens,44.31,225.78
46,3153,"[145.27044488530413, -37.83215085772469]",Community Kids Bayswater Early Education Centre,82.95,821.21
47,3125,"[145.1067059028076, -37.84958685048993]",Presbyterian Ladies College Early Learning,84.73,553.44
48,3151,"[145.15006589694354, -37.852606850501736]",Greenland Early Learning Centre Burwood,25.29,114.82
49,3109,"[145.15685590953018, -37.78192384953244]",Doncaster Manor,133.64,1179.37
50,3102,"[145.06059092087827, -37.79414084397124]",Glass Street Kindergarten Assoc Inc,219.19,2534.83
51,3111,"[145.17971309946947, -37.791941004176124]",Bupa Donvale,184.36,1421.44
52,3977,"[145.25037385461093, -38.122076857121556]",Aussie Kindies Early Learning Cranbourne,204.01,2043.83
53,3070,"[144.99970593468458, -37.7734868406649]",Annie Dennis Childrens Centre,34.85,271.61
54,3078,"[145.0202059254128, -37.78008683811095]",St Anthonys Alphington Oshclub,70.86,475.38
55,3059,"[144.8808381009783, -37.63721069570493]",Corpus Christi Community,48.96,272.02
56,3205,"[144.95556994080275, -37.833690837018935]",Only About Children South Melbourne,27.09,241.7
57,3128,"[145.12912990208875, -37.82975585091388]",Goodstart Early Learning Box Hill - Canterbury Road,39.74,393.11
58,3156,"[145.27115662349317, -37.928599268372345]",Isomer Aged Care Facility,447.02,2884.73
59,3066,"[144.99060593607703, -37.802786842223526]",Collingwood College Afterschool Care And Vacation Care Program,81.49,371.45
60,3067,"[144.9997609365633, -37.8020978408462]",Little Sophia Inc,132.88,686.71
61,3142,"[145.01642592734765, -37.84177684323433]",St Peters Early Learning Centre,61.76,315.09
62,3052,"[144.94060009583546, -37.78360473568617]",Elderly Chinese Home,232.47,1854.62
63,3183,"[145.00020592227764, -37.868286843286874]",Chabad Youth Oshc,17.81,128.99
64,3148,"[145.10140890240712, -37.87986984731235]",Camp Australia - St Mary Magdalens Primary School Oshc,89.22,500.27
65,3162,"[145.02581791767832, -37.88792184216431]",Melbourne Montessori School P/L,113.53,689.55
66,3186,"[144.99695934955707, -37.907584725307686]",Firbank Grammar School,37.98,158.24
67,3054,"[144.96798893937887, -37.78089583554037]",Team Holiday - North Carlton,74.57,617.49
68,3127,"[145.10042890650047, -37.82583584390999]",Surrey Hills Child Care Centre,45.22,192.9
69,3053,"[144.96940593083235, -37.8020868367686]",Carlton Gardens Oshclub,36.03,297.47
70,3065,"[144.97960593199693, -37.802686842470074]",Acacia Fitzroy Creche,57.3,238.78
71,3190,"[145.04082591345627, -37.94832684356813]",Only About Children Highett,65.54,303.53
72,3172,"[145.13434889147854, -37.98161684621446]",Dingley Village Neighbourhood Centre,75.56,976.16
73,3195,"[145.09810188759295, -38.00173684683824]",Kindy Patch Mordialloc,167.02,1661.12
74,3930,"[145.09279287019532, -38.19503684766298]",Camp Australia - Mount Eliza Primary School Oshc,0.46,4.43
75,3912,"[145.23220584289237, -38.201986856350665]",Pearcedale Day Care  Kindergarten Centre,354.57,4105.02
76,3082,"[145.06728093349972, -37.658545846588225]",Centenary Drive Kindergarten,94.83,993.41
77,3163,"[145.0634749143401, -37.89508484179522]",Jewish Care (Vic) Inc Residential Homes Carnegie,69.76,532.12
78,3187,"[145.01558891641542, -37.91578884563514]",Guardian Childcare  Education Brighton,68.72,308.28
79,3173,"[145.16789193639835, -38.001758672657665]",Arcare Keysborough,82.27,468.48
80,3196,"[145.1230638870003, -38.04916706185241]",Bluecross Chelsea Manor,61.56,372.54
81,3184,"[144.98130592603002, -37.88238684308015]",Andys Before And After School Care,92.04,509.57
82,3185,"[145.00575591856597, -37.88429683876625]",St Kilda Steiner Kindergarten,43.43,222.48
83,3021,"[144.7993149696574, -37.7435208238349]",Rowena Family Day Care,38.12,202.38
84,3931,"[145.06038375119283, -38.237644705693796]",Mecwacare Park Hill,192.94,1036.9
85,3138,"[145.32554387460954, -37.77931585823792]",Natural Wonders Early Learning,41.74,367.95
86,3040,"[144.90859295057157, -37.754157837320896]",Antrim Childcare,106.13,588.34
87,3039,"[144.92470595359688, -37.76508683648692]",Moonee Ponds Kinder Haven,97.11,667.89
88,3201,"[145.17955586841887, -38.091547857019115]",Goodstart Early Learning Carrum Downs - Frankston-Dandenong Road,99.71,479.95
89,3194,"[145.08142289892095, -37.97977884855383]",Guardian Childcare  Education Mentone East,3.78,15.76
90,3934,"[145.03195387819693, -38.273953841963056]",Camp Australia - Balcombe Grammar Oshc,53.8,184.73
91,3975,"[145.2471938557163, -38.06325585653775]",Learn Smart Early Learning Centre - Lyndhurst,91.82,801.51
92,3095,"[145.1551059155016, -37.71198684597659]",Eltham East Out Of School Hours Care,230.24,1205.94
93,3174,"[145.18097288460928, -37.96108785431175]",Kinderworld Day Care Centre,40.98,388.95
94,3936,"[144.98543270042768, -38.3282423331061]",Mount Martha Valley,273.02,2315.37
95,3170,"[145.1734758832518, -37.921806852549665]",Little Angels Child Care Centre,118.6,494.18
96,3075,"[145.0069779443034, -37.66409883848318]",Jacaranda Preschool - Kingsway Drive,66.78,527.28
97,3087,"[145.08447592175628, -37.70237684904421]",Grimshaw Street Early Learning Centre,21.11,263.93
98,3810,"[145.4886058165618, -38.0715868794922]",Pico Early Learning Centre And Kindergarten,56.7,558.0
99,3941,"[144.81217190487754, -38.385254827653704]",Japara Rye Sands,160.28,1251.04
100,3085,"[145.08109592157803, -37.71853684291206]",Happy Valley Early Learning Centre,76.26,567.56
101,3034,"[144.860325963414, -37.75901683306765]",Little Stars Early Education Centre,94.07,646.64
102,3079,"[145.04710292167488, -37.77160584590445]",Guardian Childcare  Education East Ivanhoe,49.2,356.87
103,3104,"[145.09012391290747, -37.79276684999486]",Red Apple Early Learning Centre Balwyn,90.3,827.48
104,3166,"[145.0978799068859, -37.8993308461898]",Churches Of Christ Oak Towers Aged Care Service,68.47,676.18
105,3121,"[145.00574192629148, -37.822616839383215]",Alpha Early Learning Centre,72.64,318.73
106,3019,"[144.85604895933196, -37.78521482993962]",Goodstart Early Learning Braybrook,37.34,211.09
107,3084,"[145.07794092348095, -37.742759847845534]",Banyule Oshclub,80.19,585.31
108,3004,"[144.9844702362595, -37.84767168508174]",Coppin Centre,229.92,1217.19
109,3103,"[145.0818419133126, -37.81134084353989]",3 Apples Childcare Centre  Kindergarten,26.53,353.88
110,3000,"[144.96280593207666, -37.810386834368984]",Only About Children Melbourne Central,61.16,476.39
111,3141,"[144.9861139319189, -37.838987835140436]",Christ Church Grammar Kindergarten,68.69,562.84
112,3171,"[145.15650588383593, -37.95238685556487]",Springvale Service For Children Inc,205.97,1229.5
113,3181,"[144.99964692109145, -37.852535841151024]",Guardian Childcare  Education Prahran,29.9,234.54
114,3088,"[145.1050889269536, -37.69542484942086]",Apollo Parkways Preschool,135.79,997.18
115,3336,"[144.69856499456557, -37.72064581589552]",Deanside Kindergarten,23.89,99.56
116,3108,"[145.11689591076342, -37.788226844811916]",Creative Play Early Learning Centre Doncaster,110.28,760.97
117,3129,"[145.11763591083303, -37.804676844965094]",Box Hill North Montessori Academy,99.79,820.34
118,3002,"[144.9841790841502, -37.812372481843056]",Mercy Place East Melbourne,53.47,434.8
119,3335,"[144.6535960026842, -37.72699481391434]",Rockbank Kindergarten,389.58,4294.79
120,3133,"[145.20121189389198, -37.85413385405163]",Barriburn Preschool,170.47,1526.42
121,3168,"[145.13857289581608, -37.91739285010898]",United Children Clayton,102.19,939.43
122,3037,"[144.75840498525713, -37.7013918228083]",Arcare Hillside,60.68,702.6
123,3750,"[145.02773994443888, -37.611380836578334]",Kirrip Kindergarten- Ymca Wollert East,439.23,4550.61
124,3940,"[144.87676388668459, -38.36455083391232]",Japara Capel Sands,192.64,958.72
125,3200,"[145.15713887264283, -38.124990851673815]",Elysium Oshc - Mahogany Rise,68.36,628.11
126,3132,"[145.19545189487368, -37.817998849428164]",Mitcham Community House,81.49,339.56
127,3013,"[144.88361095000496, -37.8180138320162]",Yarraville Sds Theircare,29.72,156.93
128,3041,"[144.90970495247154, -37.74404583233388]",Trevi Court,250.52,1701.95
129,3055,"[144.94290594375602, -37.762186832710675]",St Josephs Oshclub,17.12,176.23
130,3204,"[145.03990891199038, -37.91750284031457]",Godfrey Street Neighbourhood House,95.04,396.03
131,3910,"[145.2011808568034, -38.15298585889599]",North Gateway World Of Learning,101.28,488.87
132,3011,"[144.89349595131793, -37.79923682957245]",Teddy Bear Fdc Scheme,30.16,251.35
133,3145,"[145.06352301920344, -37.87798790469266]",Regis East Malvern,17.37,144.73
134,3754,"[145.11635193279758, -37.596518850581056]",Camp Australia - St Paul The Apostle Catholic Primary School Oshc,49.9,469.47
135,3056,"[144.96397594654363, -37.767356839182035]",Happy Hippo Kindergarten And Childcare,51.08,428.93
136,3165,"[145.06274127054328, -37.92178345090999]",Mooraleigh Hostel,27.27,378.72
137,3147,"[145.0923729083612, -37.867259849611756]",Rosewood Gardens,46.04,363.73
138,3161,"[145.02196092315185, -37.871415843797536]",Teamkids - Caulfield Junior College,19.63,126.18
139,3071,"[145.00266593173478, -37.75910684377842]",Raleigh St Community Childrens Centre,69.79,341.72
140,3182,"[144.98078792517393, -37.86352683692795]",Sacred Heart Community,9.02,87.17
141,3057,"[144.9798059400571, -37.76498683524983]",Brunswick East Primary School Oshc Service,115.19,687.94
142,3123,"[145.0538537189393, -37.8317576127415]",St Vincents Care Services Hawthorn,53.39,476.81
143,3188,"[145.0117549143158, -37.941118845528884]",Hampton Community Kindergarten,131.36,779.49
144,3191,"[145.01870590778356, -37.953186845079976]",Genius Childcare - Sandringham,39.28,411.69
145,3044,"[144.93797994798769, -37.7309778321807]",Pascoe Vale Primary School Oshc,7.97,110.71
146,3192,"[145.0595041304529, -37.96424206694991]",Cheltenham Manor,23.73,98.89
147,3193,"[145.03445090321804, -37.9789168473194]",Minnows Beaumaris,37.63,274.97
148,3106,"[145.1530159055088, -37.75171785207924]",Newmans On The Park,36.21,355.32
149,3107,"[145.11487491752604, -37.76619184553565]",Twin Hills Preschool,107.63,448.46
150,3152,"[145.22277288567986, -37.86742585562979]",Flamingo Community Group,66.79,312.74
151,3752,"[145.08356393285774, -37.62945384852728]",Gumboots Early Learning South Morang,75.84,534.34
152,3076,"[145.02720428696446, -37.63505012368908]",Estia Health Epping Vic,202.98,1732.62
153,3199,"[145.14380856580473, -38.1626938649843]",Our House Early Learning World,89.95,590.4
154,3073,"[145.0068959401204, -37.71199684277553]",William Ruthven Oshclub,0.04,0.18
155,3058,"[144.96735594108526, -37.73851683923403]",Academy For Kids Coburg,56.63,471.56
156,3018,"[144.8172659578497, -37.86149682878123]",Altona Early Years Hub,97.48,525.54
157,3146,"[145.06580591568672, -37.86080584474323]",Glen Iris Road Uniting Kindergarten,59.22,644.84
158,3915,"[145.1742558453588, -38.298358853923375]",Wallaroo Community Centre,247.5,3834.75
159,3081,"[145.04860593481675, -37.74038684681377]",Watch Me Grow Early Learning Centre,31.49,363.44
160,3072,"[145.0067879320431, -37.74049984294528]",Darebin Childcare And Kindergarten Inc - Preston,53.95,361.86
161,3136,"[145.28211588261635, -37.792966855293955]",Platypus Junction Croydon Pty Ltd,30.68,281.17
162,3135,"[145.24850588706147, -37.814486861088845]",Knaith Road Child Care Centre,82.93,1007.09
163,3809,"[145.4111348333196, -38.0696908660302]",Officer One Early Education Group,225.69,1608.64
164,3978,"[145.3275458359127, -38.132506868564484]",Cranbourne Daycare  Kindergarten Centre,355.09,4008.54
165,3015,"[144.88147895000097, -37.839975829007194]",Camp Australia - Sacred Heart Primary School Newport Oshc,45.6,440.51
166,3206,"[144.95727993629023, -37.84487783920507]",South Melbourne Child Care,70.07,427.82
167,3803,"[145.2703758590922, -38.00545686379354]",Kingkids Early Learning Centre And Kindergarten Hallam,205.45,1403.58
168,3805,"[145.30583485716232, -38.039004859471945]",Talbingo Kindergarten,27.58,351.35
169,3143,"[145.01990191754888, -37.85273084454058]",Explorers Early Learning - Kooyong Road,108.08,629.75
170,3016,"[144.88888894695603, -37.85620583561179]",Only About Children Williamstown,123.33,984.99
171,3074,"[145.01141493957218, -37.6822138409]",Spring Street Kindergarten,63.52,401.49
172,3083,"[145.05807193362062, -37.699607845210686]",Goodstart Early Learning Bundoora - Plenty Road,5.2,21.66
173,3197,"[145.1337458835563, -38.07247185373357]",Patterson Lakes World Of Learning,81.84,652.86
174,3198,"[145.1288058738831, -38.10448685258976]",Seaford Kindergarten,246.54,1083.89
175,3003,"[144.94953594557052, -37.808636836451505]",Team Holiday - West Melbourne,294.45,2533.32
176,3008,"[144.94320594036245, -37.82068683909396]",Gowrie Victoria The Harbour,96.34,423.38
177,3207,"[144.9200059444637, -37.83848683762149]",Ada Mary Abeckett Childrens Centre Inc,130.39,814.62
178,3032,"[144.9060078808304, -37.77441317127046]",Victorian Elderly Chinese Hostel,181.3,968.04
179,3031,"[144.92590595097502, -37.787386830707085]",Goodstart Early Learning Flemington,167.94,1290.37
