,index,NAME_LABEL,FEATSUBTYP,geometry,postcode,distance,durations
0,0,Ashburton Police Station,police station,POINT (145.07971560204362 -37.86286111771297),3147,1302.4,175.2
1,1,Avondale Heights Police Station,police station,POINT (144.85944694492198 -37.75571661698746),3034,1049.5,133.1
2,2,Boroondara Police Station,police station,POINT (145.05203538475556 -37.79969774441769),3101,2120.9,237.0
3,3,Broadmeadows Police Station,police station,POINT (144.9168805117986 -37.68320983244486),3047,3035.9,359.8
4,4,Brunswick Police Station,police station,POINT (144.9630745221941 -37.762799580092135),3056,608.3,71.5
5,5,Burwood Police Station,police station,POINT (145.0981837001475 -37.85087064591051),3125,1164.1,137.9
6,6,Camberwell Police Station,police station,POINT (145.0592321498474 -37.83320221612014),3124,2035.2,289.7
7,7,Caroline Springs Police Station,police station,POINT (144.74123007009769 -37.7307068548314),3023,4640.2,421.9
8,8,Caulfield Police Station,police station,POINT (145.02327718184583 -37.8812804209489),3162,1430.9,159.7
9,9,Chelsea Police Station,police station,POINT (145.1163334789383 -38.05134259040143),3196,1063.5,107.7
10,10,Cheltenham Police Station,police station,POINT (145.05659312890734 -37.964730801752815),3192,735.8,141.9
11,11,Clayton Police Station,police station,POINT (145.12047262266793 -37.92012441187631),3168,1771.0,212.6
12,12,Collingwood Police Station,police station,POINT (144.99357381742678 -37.804030123434444),3067,827.8,158.6
13,13,Craigieburn Police Station,police station,POINT (144.93312541814802 -37.598332507024196),3064,6379.4,863.3
14,14,Cranbourne Police Station,police station,POINT (145.2834353227878 -38.11334928536905),3977,3431.2,399.4
15,15,Croydon Police Station,police station,POINT (145.27850482655202 -37.79920343108121),3136,1758.9,194.6
16,16,Dandenong Police Station,police station,POINT (145.21739078803094 -37.990235465016596),3175,4140.7,467.0
17,17,Doncaster Police Station,police station,POINT (145.15783751664802 -37.78841048264061),3109,2462.5,221.8
18,18,Dromana Police Station,police station,POINT (144.96105750202855 -38.334718549478104),3936,5382.3,406.2
19,19,Eltham Police Station,police station,POINT (145.1506433851142 -37.71343405267714),3095,1891.4,302.0
20,20,Endeavour Hills Police Station,police station,POINT (145.2616815119214 -37.97564982200411),3802,3036.5,254.7
21,21,Epping Police Station,police station,POINT (145.0258975649227 -37.64672887867219),3076,3951.4,395.4
22,22,Fawkner Police Station,police station,POINT (144.96233666015962 -37.718160899764456),3046,3986.4,324.6
23,23,Fitzroy Police Station,police station,POINT (144.97913748813016 -37.80220871343505),3065,455.7,109.4
24,24,Flemington Police Station,police station,POINT (144.93215575213767 -37.785105942119245),3031,2161.4,287.9
25,25,Footscray Police Station,police station,POINT (144.90137874745005 -37.803853846137734),3011,945.1,149.4
26,26,Frankston Police Station,police station,POINT (145.12467289580306 -38.138887613516225),3199,3733.4,517.8
27,27,Glen Waverley Police Station,police station,POINT (145.16410085888796 -37.90362738378838),3150,3858.5,353.4
28,28,Greensborough Police Station,police station,POINT (145.09616359755643 -37.70402941385938),3088,2591.0,325.1
29,29,Hastings Police Station,police station,POINT (145.18468195245867 -38.30785005470363),3915,5402.0,318.7
30,30,Heidelberg Police Station,police station,POINT (145.0707359501189 -37.75750704344143),3084,1886.4,204.6
31,31,Keilor Downs Police Station,police station,POINT (144.8075071953528 -37.72381494326715),3038,2920.4,265.2
32,32,Knox Police Station,police station,POINT (145.23662102102088 -37.86971612960566),3152,1975.0,258.6
33,33,Laverton Police Station,police station,POINT (144.77140848264557 -37.863250873689346),3028,3668.6,406.1
34,34,Lilydale Police Station,police station,POINT (145.34240168032406 -37.755590255268096),3140,2531.0,364.1
35,35,Malvern Police Station,police station,POINT (145.0296173255174 -37.85587005022654),3144,781.8,103.6
36,36,Melbourne East Police Station,police station,POINT (144.96726643003652 -37.812833354689054),3000,1053.3,130.0
37,37,Mill Park Police Station,police station,POINT (145.07542911922556 -37.65733669814119),3082,1486.3,119.7
38,38,Moonee Ponds Police Station,police station,POINT (144.9240844127466 -37.76469914044214),3039,398.3,72.7
39,39,Moorabbin Police Station,police station,POINT (145.0382282841078 -37.9373815793221),3189,3600.1,415.1
40,40,Mooroolbark Police Station,police station,POINT (145.31054084007522 -37.78952458725416),3138,1671.3,146.9
41,41,Mordialloc Police Station,police station,POINT (145.08624610444156 -38.00376473003406),3195,2819.0,267.4
42,42,Mornington Police Station,police station,POINT (145.03684235567792 -38.2164944139463),3931,3995.6,494.7
43,43,Mount Waverley Police Station,police station,POINT (145.1283493006585 -37.88044454117423),3149,251.9,28.2
44,44,Narre Warren Police Station,police station,POINT (145.31118228968182 -38.02596910076453),3805,1661.0,184.9
45,45,Northcote Police Station,police station,POINT (145.0021526770624 -37.76611029178672),3070,1195.5,175.4
46,46,Oakleigh Police Station,police station,POINT (145.08775312876446 -37.89827505348566),3166,1483.2,180.5
47,47,Pakenham Police Station,police station,POINT (145.45346283480532 -38.06181666095639),3810,3856.6,301.3
48,48,Prahran Police Station,police station,POINT (145.00009324652717 -37.84782410315242),3181,1520.6,130.9
49,49,Preston Police Station,police station,POINT (145.00593852733581 -37.73915909887874),3072,566.8,96.3
50,50,Richmond Police Station,police station,POINT (144.99958429492474 -37.81743614992922),3121,1086.3,110.3
51,51,Rosebud Police Station,police station,POINT (144.8896647138197 -38.36980668482227),3939,9329.4,617.7
52,52,Rowville Police Station,police station,POINT (145.2388173771999 -37.918878097062944),3178,1029.4,152.0
53,53,Rye Police Station,police station,POINT (144.81893497227682 -38.370628460022765),3941,2077.7,214.4
54,54,South Melbourne Police Station,police station,POINT (144.95957504998256 -37.83483387829967),3205,295.4,39.5
55,55,Springvale Police Station,police station,POINT (145.15144372940503 -37.955230312232466),3171,1687.4,292.0
56,56,St Kilda Police Station,police station,POINT (144.9906835859791 -37.86787417363219),3182,1291.0,148.1
57,57,Sunbury Police Station,police station,POINT (144.7354874471853 -37.57981144650645),3429,3846.8,372.8
58,58,Sunshine Police Station,police station,POINT (144.83136760943916 -37.77756692421733),3020,1669.3,191.8
59,59,Werribee Police Station,police station,POINT (144.68104950610112 -37.893956480790514),3030,8342.7,626.2
60,60,Williamstown Police Station,police station,POINT (144.90620567016703 -37.86336901083509),3016,2732.5,274.1
61,61,Box Hill Police Station,police station,POINT (145.12730417968743 -37.818071831715365),3128,1811.9,190.7
62,62,Bayside Police Station,police station,POINT (145.00376591989664 -37.9485562650273),3191,1406.2,145.7
63,63,Carrum Downs Police Station,police station,POINT (145.17331526493632 -38.114785117730214),3200,2970.1,363.0
64,64,Melbourne North Police Station,police station,POINT (144.9545715726015 -37.80029480274374),3051,1402.7,185.9
65,65,Police Airwing Police Station,police station,POINT (144.89813446103688 -37.72031948639854),3041,4499.8,529.3
66,66,Wyndham North Police Station,police station,POINT (144.68692509700585 -37.84787321090069),3029,3893.2,294.6
67,67,Forest Hill Police Station,police station,POINT (145.1713221180002 -37.845803544929645),3133,5279.0,545.2
68,68,Southbank Police Station,police station,POINT (144.96094474345372 -37.82830583735284),3006,1401.7,213.8
69,69,Mernda Police Station,police station,POINT (145.09255083145766 -37.60052540696567),3754,3167.5,292.3
70,70,Altona Police Station,police station,POINT (144.8105458008368 -37.86319403733651),3018,719.6,95.1
72,72,Melbourne West Police Station,police station,POINT (144.9512600937115 -37.81379428260123),3008,1819.9,212.8
73,73,Boronia Police Station,police station,POINT (145.28549362061707 -37.85992141794507),3155,425.8,32.2
74,74,Reservoir Police Station,police station,POINT (144.9984125665626 -37.69379226508115),3073,3174.7,270.5
76,76,Bayswater Fire Station,fire station,POINT (145.2706518823747 -37.84022486078924),3153,569.9,73.8
77,77,Berwick Fire Station,fire station,POINT (145.3440389656815 -38.03725691712934),3806,1660.8,232.0
79,79,Clyde Fire Station,fire station,POINT (145.33082086628664 -38.13296909079615),3978,3619.5,303.1
84,84,Ferntree Gully Fire Station,fire station,POINT (145.2942753025161 -37.883145318701146),3156,7334.7,991.4
85,85,Hampton Park Fire Station,fire station,POINT (145.2584699413207 -38.031097720123405),3976,1780.7,242.7
89,89,Hillside Ambulance Station,ambulance station,POINT (144.7328882737853 -37.690986619022496),3037,2772.4,232.0
91,91,Waverley Ambulance Station,ambulance station,POINT (145.11172734679184 -37.91465851723923),3167,4600.4,399.7
95,95,Coburg North Ambulance Station,ambulance station,POINT (144.97440189361282 -37.72239894861568),3058,2680.2,271.2
101,101,Thomastown Ambulance Station,ambulance station,POINT (145.00134146356174 -37.6891337132528),3074,2231.1,278.5
107,107,Northcote Ambulance Station,ambulance station,POINT (145.02004693521786 -37.78213083911274),3078,391.5,45.3
114,114,Coburg Ambulance Station,ambulance station,POINT (144.93819094586948 -37.73173283719979),3044,29.4,2.1
117,117,Langwarrin Ambulance Station,ambulance station,POINT (145.19065185465408 -38.15297185116605),3910,1026.6,221.4
119,119,City Ambulance Station,ambulance station,POINT (144.9621399369 -37.803868841283055),3053,1061.8,142.3
121,121,Reservoir Ambulance Station,ambulance station,POINT (145.035493932275 -37.72027283978836),3083,4456.4,426.7
122,122,St Albans Ambulance Station,ambulance station,POINT (144.8257479663492 -37.74097782960942),3021,3344.6,339.2
124,124,Mica 4 Ambulance Station,ambulance station,POINT (145.0378789338247 -37.75736484518257),3079,2591.3,244.8
126,126,Nunawading Ambulance Station,ambulance station,POINT (145.1757709033044 -37.81784385106406),3131,1095.4,189.6
127,127,West Melbourne Ambulance Station,ambulance station,POINT (144.94662493910337 -37.80838383525115),3003,3895.9,370.0
129,129,Seaford Ambulance Station,ambulance station,POINT (145.14211387643894 -38.11451885157069),3198,3601.4,621.9
131,131,Keysborough Fire Station,fire station,POINT (145.16107097329802 -38.00439936920206),3173,667.3,111.1
135,135,Mount Martha Ambulance Station,ambulance station,POINT (145.0380219343282 -38.244959679201955),3934,3756.8,299.0
136,136,Mica 8 Ambulance Station,ambulance station,POINT (145.24780489081752 -37.80874186000443),3135,1529.1,142.3
137,137,Noble Park Ambulance Station,ambulance station,POINT (145.18506388211694 -37.95908685658271),3174,1908.3,180.7
142,142,Vermont South Ambulance Station,ambulance station,POINT (145.1597879011644 -37.853428849178975),3151,1271.9,136.9
144,144,Royal Melbourne Ambulance Station,ambulance station,POINT (144.9560674984461 -37.79933440683998),3052,2776.6,278.6
147,147,Rosebud Ambulance Station,ambulance station,POINT (144.8853328945147 -38.36136583147587),3940,1869.3,283.0
148,148,Moonee Ponds Ambulance Station,ambulance station,POINT (144.91924575148968 -37.75633813106035),3040,1959.1,261.7
149,149,Somerville Ambulance Station,ambulance station,POINT (145.18252285836294 -38.222392369029706),3912,5106.1,492.4
151,151,Brighton Ambulance Station,ambulance station,POINT (145.0176899131292 -37.9150578457747),3187,751.8,161.3
159,159,Altona Ambulance Station,ambulance station,POINT (144.8461579500952 -37.83115582555271),3025,3438.4,410.1
162,162,Camberwell Ambulance Station,ambulance station,POINT (145.06988391416277 -37.82254484778653),3126,523.1,44.0
171,171,Mt Eliza Fire Station,fire station,POINT (145.09225498815297 -38.18723481557799),3930,1186.1,152.2
174,174,Officer Fire Station,fire station,POINT (145.40997844636226 -38.062206921902806),3809,2681.7,320.4
177,177,Rockbank Fire Station,fire station,POINT (144.65938131423843 -37.73115703032828),3335,4943.9,466.0
186,186,Wollert  District Fire Station,fire station,POINT (145.03312961163465 -37.59178742482598),3750,2505.2,292.8
188,188,Wyndham Vale Fire Station,fire station,POINT (144.61503598959914 -37.87536481324875),3024,7065.3,587.3
190,190,Eynesbury Fire Station,fire station,POINT (144.54801100616555 -37.79158580925468),3338,4291.1,386.6
196,196,Carrum Downs Fire Station,fire station,POINT (145.18444286421666 -38.0856488553212),3201,1199.7,161.7
204,204,Brooklyn Fire Station,fire station,POINT (144.84971125672413 -37.81960113172237),3012,2779.0,276.4
206,206,Springvale Fire Station,fire station,POINT (145.14776881212592 -37.972642654086115),3172,2890.3,302.6
210,210,South Morang Fire Station,fire station,POINT (145.09102365057217 -37.647820334155355),3752,3015.6,249.9
213,213,Hallam Fire Station,fire station,POINT (145.27448836555533 -38.003828389069795),3803,1471.5,200.3
216,216,Patterson River Fire Station,fire station,POINT (145.12790256937117 -38.074360492341754),3197,1352.3,136.5
219,219,Greenvale Fire Station,fire station,POINT (144.89447166116688 -37.650762459716795),3059,3978.9,352.1
225,225,Glen Iris Fire Station,fire station,POINT (145.05677379842007 -37.859314212112984),3146,1715.2,194.4
228,228,Templestowe Fire Station,fire station,POINT (145.13385003165723 -37.76238452882144),3106,2285.2,184.2
240,240,Port Melbourne Fire Station,fire station,POINT (144.9330065267783 -37.83318952547534),3207,1183.4,151.6
241,241,Highett Fire Station,fire station,POINT (145.0442070931831 -37.945436033782485),3190,1182.8,201.1
242,242,Keilor Fire Station,fire station,POINT (144.86340371584257 -37.74080734316372),3033,985.8,113.3
246,246,Mentone Fire Station,fire station,POINT (145.0707932046393 -37.98103253483006),3194,1570.3,311.7
247,247,Newport Fire Station,fire station,POINT (144.88738284892298 -37.849692463468884),3015,1542.4,153.0
248,248,North Balwyn Fire Station,fire station,POINT (145.09531910112577 -37.79167911434595),3104,1379.3,120.8
253,253,Hawthorn Fire Station,fire station,POINT (145.04023557641938 -37.82154193674267),3122,1131.4,138.9
258,258,Clayton Fire Station,fire station,POINT (145.11665178325805 -37.938999545729494),3169,806.2,122.7
261,261,Eastern Hill Fire Station,fire station,POINT (144.97545020504387 -37.808892491224256),3002,1224.9,126.1
