,index,code,FEATSUBTYP,NAME,geometry,postcode,distance,durations
0,0,14522,general hospital,THOMAS EMBLING HOSPITAL,POINT (145.0127269507564 -37.78884329165248),3078,2268.7,293.9
1,1,15261,general hospital (emergency),BOX HILL HOSPITAL,POINT (145.11837098269484 -37.81389899907303),3128,2329.4,229.2
2,2,15307,general hospital (emergency),DANDENONG HOSPITAL,POINT (145.2185058713041 -37.97698686001207),3175,5597.8,600.5
3,3,15335,general hospital (emergency),MAROONDAH HOSPITAL,POINT (145.25540588369398 -37.80698685652203),3135,2542.0,264.3
4,4,17402,general hospital,NORTHERN COMMUNITY CARE UNIT,POINT (145.02150287298463 -37.736004588926136),3072,1797.2,189.5
5,5,18777,day procedure centre,MANDOMETER,POINT (145.00794015974193 -37.9066883550545),3186,1935.5,253.8
6,7,34535,day procedure centre,BAYSIDE DAY PROCEDURE AND SPECIALIST CENTRE,POINT (145.14338512948825 -38.14817548686574),3199,3634.6,470.4
7,8,34536,day procedure centre,BAYSIDE ENDOSCOPY DAY HOSPITAL,POINT (145.03666323285594 -37.93303905018779),3204,2492.7,296.2
8,9,34537,day procedure centre,KNOX DAY HOSPITAL,POINT (145.26296331352518 -37.84188363726446),3153,1156.7,142.8
10,11,34549,day procedure centre,BERWICK SURGICENTRE,POINT (145.3465244786691 -38.033483139279824),3806,1362.0,186.7
11,12,34557,day procedure centre,VICTORIAN GUT CENTRE BUNDOORA,POINT (145.06188459572925 -37.69255960542891),3083,905.8,123.9
12,13,34558,day procedure centre,CAMBERWELL DAY SURGERY,POINT (145.0555059225727 -37.83248683885957),3123,709.6,97.2
13,14,34565,day procedure centre,CHESTERVILLE DAY HOSPITAL,POINT (145.05680834533882 -37.96045382174119),3192,639.1,136.5
14,15,34566,day procedure centre,COBURG ENDOSCOPY CENTRE,POINT (144.96477703882866 -37.745003540098025),3058,1088.7,119.2
15,16,34568,day procedure centre,MARIE STOPES INTERNATIONAL MAROONDAH,POINT (145.28877961869054 -37.8089748918577),3136,2753.2,286.0
18,20,34584,day procedure centre,FOOTSCRAY DAY SURGERY,POINT (144.89510595190328 -37.80048683268979),3011,376.0,41.9
19,21,34585,day procedure centre,EAST MELBOURNE DAY PROCEDURE CENTRE,POINT (144.98631260935394 -37.816288274013345),3002,658.2,63.7
20,22,34586,day procedure centre,FOREST HILL DIALYSIS CLINIC,POINT (145.1664084749019 -37.836272202530516),3131,1879.0,247.6
21,23,34587,day procedure centre,DIAMOND VALLEY RENAL CARE CENTRE - GREENSBOROUGH,POINT (145.10759385644093 -37.70531545265508),3088,1794.4,256.2
22,24,34590,day procedure centre,GLEN EIRA DAY SURGERY,POINT (145.01922011846162 -37.900421550789076),3162,1483.3,168.9
23,25,34599,day procedure centre,HEIDELBERG ENDOSCOPY AND DAY SURGERY CENTRE,POINT (145.06017852989376 -37.730478701547476),3081,2589.4,198.7
24,27,34618,day procedure centre,WERRIBEE ENDOSCOPY CENTRE,POINT (144.68670597648583 -37.89048682114926),3030,8498.4,624.8
25,28,34621,day procedure centre,IVANHOE ENDOSCOPY CENTRE,POINT (145.04490592355904 -37.766986847724866),3079,694.5,97.5
26,29,34628,day procedure centre,KEW ENDOSCOPY,POINT (145.06240592553667 -37.794386845097556),3102,5541.6,441.3
27,32,34635,day procedure centre,MALVERN DIALYSIS CLINIC,POINT (145.03050592484135 -37.85148684026037),3144,674.0,82.7
28,33,34636,day procedure centre,MANNINGHAM PRIVATE HOSPITAL,POINT (145.11520591971401 -37.77308684660132),3107,1796.6,242.1
30,35,34639,day procedure centre,MELBOURNE ENDOSCOPY,POINT (144.9791059315277 -37.844586837695566),3004,1616.9,186.0
31,36,34640,day procedure centre,MELBOURNE ENDOSCOPY MONASH DAY PROCEDURE CENTRE,POINT (145.1202058955756 -37.92138684686573),3168,1884.7,206.6
32,37,34641,day procedure centre,MARIE STOPES INTERNATIONAL EAST ST KILDA,POINT (145.00770592385624 -37.86018684075061),3183,2033.9,175.1
33,38,34645,day procedure centre,NOBLE PARK ENDOSCOPY CENTRE,POINT (145.18970588642327 -37.967086850953756),3174,1150.9,105.1
34,39,34646,day procedure centre,NORTHWEST DAY HOSPITAL,POINT (144.9093855555984 -37.771141104480265),3032,1244.7,194.2
35,40,34651,day procedure centre,RESERVOIR PRIVATE HOSPITAL DAY PROCEDURE CENTRE,POINT (144.99810594403388 -37.7175868352081),3073,1609.9,225.7
36,41,34654,general hospital,ROYAL MELBOURNE HOSPITAL (ROYAL PARK CAMPUS),POINT (144.94880593898856 -37.77828683521343),3052,1579.1,219.5
38,43,34660,day procedure centre,SPECIALIST SURGICENTRE DOCKLANDS,POINT (144.94100593841705 -37.81448683990535),3008,1397.6,205.6
39,45,34662,day procedure centre,SPRINGVALE ENDOSCOPY CENTRE AND DAY HOSPITAL,POINT (145.14960588935867 -37.9494868540699),3171,1389.6,250.2
40,46,34663,day procedure centre,ST ALBANS ENDOSCOPY CENTRE,POINT (144.77940597505872 -37.743986824491245),3021,2362.2,232.2
41,47,34664,day procedure centre,ST KILDA DAY HOSPITAL,POINT (144.9822059308863 -37.87308684108416),3184,1161.6,265.9
43,49,34667,day procedure centre,GLEN IRIS PRIVATE,POINT (145.0940315170794 -37.8580760986691),3146,3377.7,349.1
44,50,34668,day procedure centre,THE GLEN ENDOSCOPY CENTRE,POINT (145.16518685379185 -37.88462925074582),3150,1784.6,227.1
45,51,34669,day procedure centre,HAMPTON PARK WOMENS HEALTH CLINIC,POINT (145.26850585552353 -38.0314868588242),3976,1101.8,147.0
46,52,34670,day procedure centre,TOORAK COSMETIC SURGERY DAY CENTRE,POINT (145.00800592585338 -37.8413868386547),3142,919.0,131.9
48,54,34683,day procedure centre,WAVERLEY ENDOSCOPY,POINT (145.14662384249237 -37.88033677043573),3149,3076.0,327.2
53,65,34701,day procedure centre,SKIN CANCER DAY SURGERY,POINT (145.10530591202203 -37.86808684250806),3147,1589.4,182.7
55,67,34705,day procedure centre,GOONAWARRA DAY HOSPITAL,POINT (144.7496060027548 -37.57978681545839),3429,5967.9,582.8
58,70,34709,day procedure centre,ALTONA ENDOSCOPY CENTRE,POINT (144.82848847301815 -37.8696347455922),3018,2497.0,276.6
59,72,34879,day procedure centre,EPPING RADIATION ONCOLOGY CENTRE,POINT (145.00921058044221 -37.650041188548656),3076,2067.2,230.0
60,73,34880,day procedure centre,CASEY DAY PROCEDURE AND SPECIALIST CENTRE,POINT (145.3143735792663 -38.02469674797938),3805,2153.9,209.4
61,74,34881,day procedure centre,MORNINGTON ENDOSCOPY,POINT (145.04393459418802 -38.22772985650237),3931,2581.8,323.6
62,75,34882,day procedure centre,CHELSEA HEIGHTS DAY SURGERY AND ENDOSCOPY,POINT (145.13457305069383 -38.03370076655157),3196,2781.1,295.4
67,81,34898,day procedure centre,DR SCOPE,POINT (144.8325310742254 -37.77767683829692),3020,1573.3,192.3
69,85,34905,general hospital,VERMONT PRIVATE HOSPITAL,POINT (145.19958506068733 -37.85855177296626),3133,2264.8,232.5
70,86,34909,general hospital,HOLMESGLEN PRIVATE HOSPITAL,POINT (145.05007438426017 -37.93539191912347),3189,1393.3,216.7
72,88,34913,day procedure centre,GENESISCARE RADIATION ONCOLOGY CENTRE ST VINCENTS HOSPITAL MELBOURNE,POINT (144.97456958632804 -37.807684211156534),3065,1637.5,223.3
78,96,34926,day procedure centre,ROSEBUD DAY HOSPITAL,POINT (144.88998082960057 -38.362185668797245),3939,10317.5,730.7
79,97,34927,day procedure centre,PARAS CLINIC,POINT (144.97264927590479 -37.81464777606836),3000,1566.5,224.8
82,101,34933,day procedure centre,ICON CANCER CENTRE MULGRAVE,POINT (145.21393468132146 -37.938858821458986),3170,4823.7,712.6
83,102,34934,day procedure centre,SOUTH YARRA DAY SURGERY,POINT (144.99296634888753 -37.83752354160049),3141,271.7,51.7
84,103,34936,day procedure centre,ICON CANCER CENTRE RICHMOND,POINT (144.99287750106637 -37.81764603447122),3121,1480.8,135.9
86,106,34950,day procedure centre,VICTORIAN CENTRE FOR MENTAL HEALTH,POINT (145.4119128012887 -38.05985027502402),3809,3127.5,354.6
88,108,34961,day procedure centre,WARRINGAL PRIVATE HOSPITAL DAY ONCOLOGY AND INFUSION CENTRE,POINT (145.060305927189 -37.755086846709155),3084,2608.9,273.9
92,112,34989,general hospital,EPWORTH EASTERN EKERA,POINT (145.11979190755542 -37.81292184516499),3129,1693.4,187.0
93,113,34990,day procedure centre,HAMPTON DAY HOSPITAL,POINT (145.03244791658113 -37.933127843898966),3188,2499.6,368.1
95,115,34992,general hospital,EPWORTH EASTERN KEW,POINT (145.04811592249413 -37.808323847201926),3101,2053.8,208.8
98,119,35002,day procedure centre,SKIN HEALTH INSTITUTE,POINT (144.96800888678024 -37.80479902969001),3053,568.0,88.6
105,134,35037,day procedure centre,TEMPLESTOWE DAY SURGERY,POINT (145.12843215220101 -37.75685304941304),3106,2235.0,194.4
108,138,35044,general hospital,ESSENDON FIELDS DIALYSIS UNIT,POINT (144.89799295169468 -37.72371783041002),3041,3784.4,443.0
109,139,35046,general hospital,THE BAYS HOSPITAL MORNINGTON (HASTINGS SITE),POINT (145.19035775996144 -38.30332138306915),3915,5415.8,397.9
110,140,35047,day procedure centre,COSMOS COSMETIC DAY SURGERY MELBOURNE,POINT (145.0192980675448 -37.81704410627797),3122,2105.1,259.6
114,144,35074,day procedure centre,SYDENHAM ENDOSCOPY AND DAY SURGERY,POINT (144.75858410939853 -37.690426479752304),3037,1204.7,150.2
115,145,35075,day procedure centre,EAST SIDE RECOVERY,POINT (145.28602009561692 -37.85909777597665),3155,322.9,23.2
117,147,35080,day procedure centre,DONCASTER SPECIALIST GROUP PTY LTD,POINT (145.13289031008318 -37.78738945091051),3108,1154.2,136.8
120,153,35110,general hospital (emergency),ANGLISS HOSPITAL,POINT (145.31360586743034 -37.89868686414579),3156,8902.2,1123.6
123,156,35116,general hospital,WINDSOR PRIVATE HOSPITAL,POINT (144.99806985198032 -37.85607218106492),3181,388.1,38.9
124,158,35122,general hospital,ESSENDON PRIVATE CLINIC,POINT (144.88538739720892 -37.74845391570574),3040,2788.4,277.8
126,165,35220,general hospital,BELLBIRD PRIVATE HOSPITAL,POINT (145.1552784582117 -37.832836014739435),3130,1457.7,176.6
127,168,35227,general hospital,BROADMEADOWS HEALTH SERVICE,POINT (144.91340595929375 -37.68418683221415),3047,1976.0,317.3
130,171,35232,general hospital,CALVARY HEALTH CARE BETHLEHEM,POINT (145.0728336702361 -37.9905633530293),3195,4181.6,389.5
134,179,35245,general hospital,CRAIGIEBURN HEALTH SERVICE,POINT (144.91980596565207 -37.596386836103804),3064,6578.0,899.8
135,180,35246,general hospital,CRANBOURNE INTEGRATED CARE CENTRE,POINT (145.2804058553369 -38.113186863157004),3977,3481.6,425.3
139,185,35262,general hospital,DONVALE REHABILITATION HOSPITAL,POINT (145.17149738810855 -37.789980898595275),3111,2124.7,303.5
140,186,35263,general hospital,DORSET REHABILITATION CENTRE,POINT (144.94740600519594 -37.72321613777592),3044,1733.7,145.3
145,201,35280,general hospital,EPWORTH REHABILITATION CAMBERWELL,POINT (145.05463848125436 -37.84592987388329),3124,2761.6,355.2
146,202,35281,day procedure centre,ESSENDON DAY PROCEDURE CENTRE,POINT (144.92364413670595 -37.76578024941883),3039,375.6,69.8
154,219,35526,general hospital,KNOX PRIVATE HOSPITAL,POINT (145.2277009528711 -37.84889041185695),3152,4267.0,450.0
156,226,35654,general hospital,MALVERN PRIVATE HOSPITAL,POINT (145.0608059128689 -37.86708684343833),3145,1640.5,161.1
159,235,35744,general hospital,MITCHAM PRIVATE HOSPITAL,POINT (145.19428590192481 -37.81028885129949),3132,1692.0,232.0
161,237,35746,general hospital,MOORABBIN HOSPITAL,POINT (145.0635059075083 -37.920886843957014),3165,456.0,69.5
164,247,35759,general hospital,OCONNELL FAMILY CENTRE,POINT (145.06180592424886 -37.81628684319218),3126,1951.3,181.9
165,250,35764,general hospital,PENINSULA PRIVATE HOSPITAL,POINT (145.17011446072598 -38.15779438277343),3910,3027.2,501.4
170,258,35779,general hospital (emergency),ROSEBUD HOSPITAL,POINT (144.88460589058644 -38.36188683942949),3940,1849.1,286.5
175,265,35787,general hospital (emergency),SANDRINGHAM HOSPITAL,POINT (145.0185059139651 -37.96098683911457),3191,1461.8,126.4
197,299,35827,general hospital,BRUNSWICK PRIVATE HOSPITAL,POINT (144.97171325238384 -37.75646880964343),3056,2099.7,229.6
204,314,35842,general hospital (emergency),WILLIAMSTOWN HOSPITAL,POINT (144.89280595047532 -37.86358683492403),3016,966.1,127.0
205,336,35867,general hospital,NORTH MELBOURNE RENAL CARE CENTRE,POINT (144.93991421540602 -37.78866556567075),3051,1870.3,203.4
208,339,35870,general hospital,YARRA RANGES HEALTH (LILYDALE),POINT (145.3514058776568 -37.75658686790376),3140,1844.0,261.1
