,postcode,lst_nearest_latlon,nearest_station_name,nearest_duration,nearest_distance
0,3131,"[145.164718, -37.835453]",Forest Hill Chase Shopping Centre,280.66,2020.1
1,3939,none,none,none,none
2,3429,"[144.729432, -37.577542]",Sunbury Square Shopping Centre,376.96,3663.28
3,3144,"[145.027026, -37.863028]",Malvern Central,288.87,2192.38
4,3338,none,none,none,none
5,3023,"[144.753677, -37.75938]",Burnside Hub,37.85,254.74
6,3030,"[144.73538783062, -37.883369895772]",Stockland Point Cook Shopping Centre,875.25,10413.87
7,3806,"[145.346619, -38.02951]",Berwick Marketplace,108.73,808.72
8,3167,none,none,none,none
9,3038,"[144.775813, -37.699266]",Watergardens Town Centre,371.45,2301.64
10,3029,"[144.673555, -37.839616]",Tarneit Gardens Shopping Centre,374.79,4373.91
11,3024,"[144.614452, -37.876281]",Manor Lakes Central Shopping Centre,615.72,7119.77
12,3020,"[144.831506, -37.78187]",Centro Sunshine Marketplace,171.62,1345.7
13,3012,"[144.861609, -37.793489]",Central West Shopping Centre,159.82,1280.41
14,3025,"[144.84627, -37.828989]",Altona Gate Shopping Centre,445.23,3631.01
15,3028,"[144.776038, -37.873122]",Central Square Shopping Centre,66.05,415.33
16,3027,none,none,none,none
17,3006,"[144.949879, -37.825196]",DFO South Wharf,297.9,2444.44
18,3150,"[145.164632, -37.881427]",Century City Walk,284.23,2239.42
19,3178,"[145.252208, -37.92821]",Wellington Village Shopping Centre,217.72,1455.85
20,3140,"[145.348895, -37.759801]",Lilydale Marketplace,303.67,2010.73
21,3022,none,none,none,none
22,3068,none,none,none,none
23,3047,"[144.91953, -37.680244]",Broadmeadows Shopping Centre,354.94,2919.35
24,3060,"[144.960737, -37.689343]",Campbellfield Plaza,341.7,3363.7
25,3046,none,none,none,none
26,3149,none,none,none,none
27,3043,"[144.88463, -37.688293]",Gladstone Park Shopping Centre,231.68,1854.13
28,3042,"[144.886366, -37.714077]",Westfield Airport West,527.61,2669.36
29,3033,none,none,none,none
30,3155,"[145.286693, -37.860342]",The Mall Boronia,51.48,508.67
31,3105,"[145.091637, -37.76613]",Bulleen Plaza,160.47,874.11
32,3169,none,none,none,none
33,3101,none,none,none,none
34,3051,none,none,none,none
35,3064,"[144.9201082, -37.5751264]",Stockland Highlands Shopping Centre,563.22,3235.42
36,3189,"[145.038272, -37.939558]",Moorabbin House and Home Centre,404.43,3805.84
37,3175,"[145.21853, -38.005209]",Home Quarter Dandenong,284.19,3509.09
38,3802,"[145.258788, -37.976993]",Endeavour Hills Shopping Centre,282.08,1938.99
39,3177,"[145.217684, -37.986731]",Dandenong Plaza,271.21,2405.9
40,3126,"[145.058043, -37.82931]",Camberwell Sunday Market,266.85,2346.41
41,3124,none,none,none,none
42,3048,"[144.922161, -37.650845]",Meadow Heights Shopping Centre,132.51,971.14
43,3130,"[145.152392, -37.812013]",North Blackburn Shopping Centre,250.88,1922.86
44,3976,"[145.265843, -38.032654]",Hampton Park Shopping Centre,152.37,919.2
45,3122,none,none,none,none
46,3153,"[145.265094, -37.840921]",Mountain High Shopping Centre,192.74,1349.15
47,3125,none,none,none,none
48,3151,"[145.149761, -37.853784]",Burwood One Shopping Centre,71.02,394.58
49,3109,"[145.168284, -37.763554]",Stockland The Pines,203.95,2030.81
50,3102,none,none,none,none
51,3111,none,none,none,none
52,3977,"[145.282017, -38.109657]",Cranbourne Park,410.15,3448.53
53,3070,"[145.001845, -37.768556]",Northcote Shopping Plaza,126.61,870.45
54,3078,none,none,none,none
55,3059,"[144.881948, -37.639349]",Greenvale Shopping Centre,112.62,742.39
56,3205,none,none,none,none
57,3128,"[145.12179, -37.818677]",Box Hill Central,244.02,2187.81
58,3156,"[145.274908, -37.883678]",Mountain Gate Shopping Centre,1069.6,8101.38
59,3066,none,none,none,none
60,3067,none,none,none,none
61,3142,"[145.008246, -37.84066]",Tok H Centre,127.79,879.14
62,3052,none,none,none,none
63,3183,none,none,none,none
64,3148,"[145.091922, -37.877598]",HomePlus Homemaker Centre,122.59,1248.08
65,3162,none,none,none,none
66,3186,none,none,none,none
67,3054,none,none,none,none
68,3127,none,none,none,none
69,3053,none,none,none,none
70,3065,none,none,none,none
71,3190,"[145.041367, -37.949024]",Highett Shopping Centre,66.59,344.17
72,3172,"[145.132541, -37.983412]",Dingley Village Shopping Centre,100.77,1293.3
73,3195,"[145.086614, -38.008072]",Mordialloc Plaza,280.16,2852.08
74,3930,"[145.089375, -38.183794]",Eliza Square Shopping Centre,176.09,1376.29
75,3912,none,none,none,none
76,3082,none,none,none,none
77,3163,"[145.058444, -37.884786]",Carnegie Central,150.87,1339.04
78,3187,none,none,none,none
79,3173,"[145.173138, -37.992893]",Parkmore Shopping Centre,297.28,2199.68
80,3196,none,none,none,none
81,3184,none,none,none,none
82,3185,none,none,none,none
83,3021,none,none,none,none
84,3931,"[145.040597, -38.223672]",Mornington Village Shopping Centre,380.14,3111.32
85,3138,none,none,none,none
86,3040,none,none,none,none
87,3039,"[144.922669, -37.765648]",Moonee Ponds Central,14.02,62.94
88,3201,"[145.1825171, -38.0886367]",The Local Village,135.51,944.09
89,3194,"[145.076943, -37.984204]",Thrift Park Shopping Centre,220.27,1072.38
90,3934,"[145.048067, -38.245416]",Bentons Square Shopping Centre,367.53,4608.58
91,3975,"[145.256595, -38.05177]",Lynbrook Village Shopping Centre,329.14,3863.13
92,3095,"[145.148743, -37.714902]",Eltham Village Shopping Centre,354.07,2239.8
93,3174,none,none,none,none
94,3936,"[144.964645, -38.333538]",Dromana Hub Shopping Centre,435.53,4077.81
95,3170,"[145.189605, -37.935473]",Waverley Gardens Shopping Centre,559.75,3103.68
96,3075,"[145.018678, -37.653869]",Pacific Epping,364.63,3027.11
97,3087,none,none,none,none
98,3810,"[145.480817, -38.079019]",Pakenham Place Shopping Centre,206.62,1632.33
99,3941,none,none,none,none
100,3085,none,none,none,none
101,3034,"[144.861442, -37.749591]",Milleara Shopping Centre,231.07,2025.98
102,3079,"[145.04146, -37.768183]",Ivanhoe Plaza,126.75,962.95
103,3104,none,none,none,none
104,3166,none,none,none,none
105,3121,"[144.996065, -37.838366]",The Como Centre,254.33,2321.69
106,3019,"[144.86422, -37.782172]",Braybrook Shopping Centre,160.72,1478.46
107,3084,"[145.068739, -37.755915]",Warringal Shopping Centre,192.13,1765.7
108,3004,none,none,none,none
109,3103,none,none,none,none
110,3000,"[144.963555, -37.812517]",Emporium Melbourne,23.78,112.8
111,3141,"[144.996158, -37.837395]",Vogue Shopping Centre,65.11,607.76
112,3171,"[145.143394, -37.927444]",Springvale Homemaker Centre,452.14,3377.24
113,3181,"[144.993643, -37.846954]",Pran Central Shopping Centre,106.34,1153.53
114,3088,"[145.102816, -37.702696]",Greensborough Plaza,310.52,1960.27
115,3336,none,none,none,none
116,3108,"[145.125332, -37.78685]",Westfield Doncaster,99.76,696.72
117,3129,none,none,none,none
118,3002,none,none,none,none
119,3335,none,none,none,none
120,3133,"[145.182224, -37.855243]",Vermont South Shopping Centre,356.35,3690.43
121,3168,none,none,none,none
122,3037,"[144.751043, -37.723117]",Watervale Shopping Centre,285.9,3130.84
123,3750,none,none,none,none
124,3940,"[144.891378, -38.361526]",Rosebud Plaza,347.93,2536.99
125,3200,none,none,none,none
126,3132,"[145.192535, -37.815739]",Mitcham Shopping Centre,168.34,1653.7
127,3013,none,none,none,none
128,3041,"[144.906547, -37.733125]",DFO Essendon,46.64,222.89
129,3055,none,none,none,none
130,3204,none,none,none,none
131,3910,none,none,none,none
132,3011,"[144.894785, -37.802426]",Footscray Plaza Shopping Centre,99.09,632.78
133,3145,none,none,none,none
134,3754,none,none,none,none
135,3056,"[144.962004, -37.775695]",Barkly Square,169.4,1394.13
136,3165,none,none,none,none
137,3147,none,none,none,none
138,3161,none,none,none,none
139,3071,none,none,none,none
140,3182,"[144.980617, -37.868967]",Acland Court Shopping Centre,85.29,745.25
141,3057,none,none,none,none
142,3123,"[145.04558170316, -37.845596113968]",Stockland Tooronga Shopping Centre,176.14,2070.54
143,3188,none,none,none,none
144,3191,none,none,none,none
145,3044,none,none,none,none
146,3192,"[145.054806, -37.958445]",Westfield Southland,232.0,1218.48
147,3193,none,none,none,none
148,3106,none,none,none,none
149,3107,none,none,none,none
150,3152,"[145.24004, -37.86927]",Westfield Knox,287.32,2146.58
151,3752,none,none,none,none
152,3076,"[145.027155, -37.628168]",Epping North Shopping Centre,257.85,2828.48
153,3199,"[145.137326, -38.148946]",Frankston Power Centre,325.1,1829.61
154,3073,none,none,none,none
155,3058,none,none,none,none
156,3018,none,none,none,none
157,3146,none,none,none,none
158,3915,none,none,none,none
159,3081,none,none,none,none
160,3072,"[145.00178, -37.739352]",Preston Market,120.49,910.19
161,3136,"[145.278937, -37.794026]",Croydon Central Shopping Centre,113.03,763.58
162,3135,none,none,none,none
163,3809,none,none,none,none
164,3978,none,none,none,none
165,3015,none,none,none,none
166,3206,none,none,none,none
167,3803,none,none,none,none
168,3805,"[145.303787, -38.017692]",Westfield Fountain Gate,399.03,3000.65
169,3143,none,none,none,none
170,3016,none,none,none,none
171,3074,none,none,none,none
172,3083,none,none,none,none
173,3197,none,none,none,none
174,3198,none,none,none,none
175,3003,none,none,none,none
176,3008,"[144.952153, -37.816219]",Spencer Outlet Centre,207.21,1757.84
177,3207,none,none,none,none
178,3032,"[144.888781, -37.77369]",Highpoint Shopping Centre,372.4,2691.73
179,3031,none,none,none,none
