,postcode,lst_nearest_latlon,nearest_station_name,nearest_duration,nearest_distance
0,3131,"[145.175237, -37.820428]",Nunawading Railway Station (Nunawading),185.57,1194.72
1,3939,none,none,none,none
2,3429,"[144.727319, -37.579091]",Sunbury Railway Station (Sunbury),325.36,3607.43
3,3144,"[145.041734, -37.849366]",Tooronga Railway Station (Malvern),144.09,1286.4
4,3338,none,none,none,none
5,3023,none,none,none,none
6,3030,"[144.661118, -37.899378]",Werribee Railway Station (Werribee),460.48,4458.48
7,3806,"[145.345726, -38.040408]",Berwick Railway Station (Berwick),269.36,2140.68
8,3167,none,none,none,none
9,3038,"[144.77418, -37.701129]",Watergardens Railway Station (Sydenham),461.33,3959.87
10,3029,none,none,none,none
11,3024,none,none,none,none
12,3020,"[144.824704, -37.777653]",Albion Railway Station (Sunshine North),146.32,1060.08
13,3012,"[144.862945, -37.799251]",Tottenham Railway Station (West Footscray),111.43,898.93
14,3025,none,none,none,none
15,3028,"[144.772617, -37.863694]",Laverton Railway Station (Laverton),256.07,2234.13
16,3027,"[144.747445, -37.869865]",Williams Landing Railway Station (Williams Landing),488.04,4159.88
17,3006,none,none,none,none
18,3150,"[145.162058, -37.879504]",Glen Waverley Railway Station (Glen Waverley),327.0,2532.75
19,3178,none,none,none,none
20,3140,"[145.34771, -37.755518]",Lilydale Railway Station (Lilydale),365.09,2201.24
21,3022,none,none,none,none
22,3068,"[144.992407, -37.783217]",Rushall Railway Station (Fitzroy North),96.93,555.95
23,3047,"[144.919613, -37.683049]",Broadmeadows Railway Station (Broadmeadows),272.46,1169.61
24,3060,"[144.958874, -37.700678]",Gowrie Railway Station (Glenroy),226.28,2137.48
25,3046,"[144.91722, -37.704536]",Glenroy Railway Station (Glenroy),143.58,1370.57
26,3149,"[145.128056, -37.875255]",Mount Waverley Railway Station (Mount Waverley),90.93,580.3
27,3043,none,none,none,none
28,3042,none,none,none,none
29,3033,none,none,none,none
30,3155,"[145.284385, -37.860452]",Boronia Railway Station (Boronia),88.43,629.32
31,3105,none,none,none,none
32,3169,"[145.138833, -37.938491]",Westall Railway Station (Clayton South),375.36,3371.84
33,3101,none,none,none,none
34,3051,"[144.939323, -37.78814]",Flemington Bridge Railway Station (North Melbourne),205.48,1714.2
35,3064,"[144.94332, -37.601817]",Craigieburn Railway Station (Craigieburn),870.04,6020.9
36,3189,"[145.036738, -37.934353]",Moorabbin Railway Station (Moorabbin),416.67,3714.06
37,3175,"[145.209725, -37.989968]",Dandenong Railway Station (Dandenong),417.54,3770.79
38,3802,none,none,none,none
39,3177,none,none,none,none
40,3126,"[145.081224, -37.824485]",Canterbury Railway Station (Canterbury),110.36,794.49
41,3124,"[145.070298, -37.835716]",Willison Railway Station (Camberwell),147.15,499.39
42,3048,"[144.926056, -37.661003]",Coolaroo Railway Station (Coolaroo),276.38,2860.22
43,3130,"[145.150014, -37.820071]",Blackburn Railway Station (Blackburn),124.26,850.5
44,3976,none,none,none,none
45,3122,"[145.036439, -37.821467]",Glenferrie Railway Station (Hawthorn),135.43,1002.53
46,3153,"[145.268136, -37.84173]",Bayswater Railway Station (Bayswater),223.19,1566.12
47,3125,none,none,none,none
48,3151,none,none,none,none
49,3109,none,none,none,none
50,3102,none,none,none,none
51,3111,none,none,none,none
52,3977,"[145.280599, -38.099537]",Cranbourne Railway Station (Cranbourne),596.34,5356.12
53,3070,"[144.995277, -37.769865]",Northcote Railway Station (Northcote),133.13,912.33
54,3078,"[145.016905, -37.779171]",Fairfield Railway Station (Fairfield),142.44,1198.5
55,3059,none,none,none,none
56,3205,none,none,none,none
57,3128,"[145.121429, -37.819222]",Box Hill Railway Station (Box Hill),144.84,1444.68
58,3156,"[145.295251, -37.881698]",Ferntree Gully Railway Station (Ferntree Gully),995.88,7404.11
59,3066,none,none,none,none
60,3067,"[144.99375, -37.804526]",Collingwood Railway Station (Abbotsford),151.69,880.31
61,3142,"[145.022635, -37.834672]",Heyington Railway Station (Toorak),256.65,1635.64
62,3052,"[144.952301, -37.781193]",Royal Park Railway Station (Parkville),155.61,1103.46
63,3183,"[144.993512, -37.869488]",Balaclava Railway Station (Balaclava),158.63,1122.03
64,3148,none,none,none,none
65,3162,none,none,none,none
66,3186,"[145.002605, -37.904887]",North Brighton Railway Station (Brighton),156.05,1043.69
67,3054,none,none,none,none
68,3127,"[145.098775, -37.824148]",Surrey Hills Railway Station (Surrey Hills),52.68,249.56
69,3053,none,none,none,none
70,3065,none,none,none,none
71,3190,"[145.041872, -37.948425]",Highett Railway Station (Highett),113.99,539.11
72,3172,none,none,none,none
73,3195,"[145.087659, -38.006583]",Mordialloc Railway Station (Mordialloc),244.58,2602.73
74,3930,none,none,none,none
75,3912,"[145.176245, -38.225342]",Somerville Railway Station (Somerville),547.61,5778.02
76,3082,none,none,none,none
77,3163,"[145.067375, -37.890198]",Murrumbeena Railway Station (Murrumbeena),149.18,1221.02
78,3187,none,none,none,none
79,3173,none,none,none,none
80,3196,"[145.116041, -38.051955]",Chelsea Railway Station (Chelsea),106.81,1071.16
81,3184,none,none,none,none
82,3185,"[145.000898, -37.884753]",Elsternwick Railway Station (Elsternwick),85.14,640.59
83,3021,"[144.80005, -37.744861]",St Albans Railway Station (St Albans),64.24,375.17
84,3931,none,none,none,none
85,3138,"[145.312402, -37.784749]",Mooroolbark Railway Station (Mooroolbark),121.4,1417.64
86,3040,"[144.916198, -37.756012]",Essendon Railway Station (Essendon),222.31,1520.29
87,3039,"[144.919161, -37.765707]",Moonee Ponds Railway Station (Moonee Ponds),102.86,515.15
88,3201,none,none,none,none
89,3194,"[145.065166, -37.981865]",Mentone Railway Station (Mentone),319.27,1834.89
90,3934,none,none,none,none
91,3975,"[145.249275, -38.057341]",Lynbrook Railway Station (Lynbrook),142.47,1607.81
92,3095,"[145.147822, -37.71355]",Eltham Railway Station (Eltham),353.09,2204.57
93,3174,"[145.176325, -37.966628]",Noble Park Railway Station (Noble Park),97.19,705.2
94,3936,none,none,none,none
95,3170,none,none,none,none
96,3075,"[145.017193, -37.665851]",Lalor Railway Station (Lalor),178.36,1390.89
97,3087,"[145.083793, -37.710958]",Watsonia Railway Station (Watsonia),161.16,1738.03
98,3810,"[145.486379, -38.080614]",Pakenham Railway Station (Pakenham),259.23,2065.88
99,3941,none,none,none,none
100,3085,"[145.069143, -37.726012]",Macleod Railway Station (Macleod),209.12,2039.08
101,3034,none,none,none,none
102,3079,"[145.045425, -37.768897]",Ivanhoe Railway Station (Ivanhoe),85.55,393.0
103,3104,none,none,none,none
104,3166,"[145.088308, -37.900372]",Oakleigh Railway Station (Oakleigh),227.3,1587.49
105,3121,"[144.997066, -37.8264]",East Richmond Railway Station (Richmond),138.21,1158.31
106,3019,none,none,none,none
107,3084,"[145.06614, -37.742879]",Rosanna Railway Station (Rosanna),163.88,1336.29
108,3004,none,none,none,none
109,3103,none,none,none,none
110,3000,"[144.962594, -37.809939]",Melbourne Central Railway Station (Melbourne City),102.08,824.9
111,3141,"[144.992342, -37.838449]",South Yarra Railway Station (South Yarra),31.86,161.48
112,3171,"[145.153452, -37.949509]",Springvale Railway Station (Springvale),205.3,1168.73
113,3181,"[144.992035, -37.856053]",Windsor Railway Station (Windsor),110.74,1067.61
114,3088,"[145.108247, -37.703954]",Greensborough Railway Station (Greensborough),251.2,1587.05
115,3336,none,none,none,none
116,3108,none,none,none,none
117,3129,none,none,none,none
118,3002,"[144.984098, -37.816527]",Jolimont-MCG Railway Station (East Melbourne),32.1,328.72
119,3335,none,none,none,none
120,3133,none,none,none,none
121,3168,"[145.120534, -37.924683]",Clayton Railway Station (Clayton),321.96,2550.05
122,3037,none,none,none,none
123,3750,none,none,none,none
124,3940,none,none,none,none
125,3200,none,none,none,none
126,3132,"[145.192892, -37.818087]",Mitcham Railway Station (Mitcham),172.51,1591.79
127,3013,"[144.889934, -37.81585]",Yarraville Railway Station (Yarraville),202.53,1350.81
128,3041,none,none,none,none
129,3055,none,none,none,none
130,3204,"[145.036995, -37.917425]",Bentleigh Railway Station (Bentleigh),59.14,357.5
131,3910,none,none,none,none
132,3011,"[144.903199, -37.801083]",Footscray Railway Station (Footscray),91.0,689.06
133,3145,"[145.069393, -37.87693]",East Malvern Railway Station (Malvern East),125.14,783.27
134,3754,"[145.100885, -37.602548]",Mernda Railway Station (Mernda),237.45,2491.28
135,3056,"[144.959587, -37.767721]",Brunswick Railway Station (Brunswick),43.39,307.2
136,3165,none,none,none,none
137,3147,"[145.081344, -37.861968]",Ashburton Railway Station (Ashburton),172.74,1316.26
138,3161,none,none,none,none
139,3071,"[144.998572, -37.755052]",Thornbury Railway Station (Thornbury),136.66,885.95
140,3182,none,none,none,none
141,3057,none,none,none,none
142,3123,"[145.045844, -37.822398]",Auburn Railway Station (Hawthorn East),145.85,1615.07
143,3188,"[145.001471, -37.937977]",Hampton Railway Station (Hampton),298.9,1918.22
144,3191,"[145.004561, -37.95033]",Sandringham Railway Station (Sandringham),104.8,1103.18
145,3044,"[144.928196, -37.730756]",Pascoe Vale Railway Station (Pascoe Vale),87.33,1002.14
146,3192,"[145.054558, -37.96665]",Cheltenham Railway Station (Cheltenham),196.67,1007.27
147,3193,none,none,none,none
148,3106,none,none,none,none
149,3107,none,none,none,none
150,3152,none,none,none,none
151,3752,"[145.097396, -37.622995]",Hawkstowe Railway Station (South Morang),214.91,2185.71
152,3076,"[145.031068, -37.652187]",Epping Railway Station (Epping),379.81,3980.78
153,3199,"[145.139534, -38.152034]",Leawarra Railway Station (Frankston),202.07,1312.31
154,3073,"[145.006996, -37.716885]",Reservoir Railway Station (Reservoir),158.11,960.98
155,3058,"[144.962841, -37.733523]",Batman Railway Station (Coburg North),96.2,695.41
156,3018,"[144.813494, -37.865163]",Westona Railway Station (Altona),126.98,877.75
157,3146,"[145.058225, -37.859308]",Glen Iris Railway Station (Glen Iris),184.52,1607.53
158,3915,"[145.18598, -38.305659]",Hastings Railway Station (Hastings),376.24,5774.68
159,3081,none,none,none,none
160,3072,"[145.000522, -37.738674]",Preston Railway Station (Preston),118.13,916.54
161,3136,"[145.280598, -37.795437]",Croydon Railway Station (Croydon),135.11,892.26
162,3135,"[145.250191, -37.811968]",Ringwood East Railway Station (Ringwood East),123.21,1345.23
163,3809,"[145.410987, -38.066146]",Officer Railway Station (Officer),327.51,2456.82
164,3978,none,none,none,none
165,3015,"[144.8836, -37.842718]",Newport Railway Station (Newport),115.88,1191.61
166,3206,none,none,none,none
167,3803,"[145.269777, -38.01774]",Hallam Railway Station (Hallam),216.68,1560.75
168,3805,"[145.303969, -38.027809]",Narre Warren Railway Station (Narre Warren),210.4,2049.95
169,3143,"[145.019326, -37.856452]",Armadale Railway Station (Armadale),109.73,503.07
170,3016,"[144.894484, -37.863982]",Williamstown Beach Railway Station (Williamstown),134.18,1184.25
171,3074,"[145.014279, -37.680338]",Thomastown Railway Station (Thomastown),115.65,892.49
172,3083,none,none,none,none
173,3197,"[145.122833, -38.076504]",Carrum Railway Station (Carrum),214.14,1943.38
174,3198,"[145.12823, -38.104021]",Seaford Railway Station (Seaford),257.48,1154.18
175,3003,"[144.94257, -37.807419]",North Melbourne Railway Station (West Melbourne),347.54,2836.96
176,3008,"[144.951411, -37.817936]",Southern Cross Railway Station (Melbourne City),230.16,1665.71
177,3207,none,none,none,none
178,3032,"[144.921821, -37.775306]",Ascot Vale Railway Station (Ascot Vale),365.14,2639.08
179,3031,"[144.928978, -37.787328]",Newmarket Railway Station (Flemington),220.67,1691.33
